k,x,y,a,
1,0.45414306187527953,-0.2878877007791082,-0.00010180440999006668,
2,1.0199166636866386,-0.942295939316493,-0.0002555373559301466,
3,1.4737837622961385,-0.8391373351208202,-0.00031048229652834837,
4,1.9120140864337687,-1.428254433532551,-0.00037916062907453543,
5,2.6450781208656493,-1.7423000906849944,-0.0004920740502110688,
6,3.168652125299818,-2.1627932945166544,-0.0005759193564552744,
7,3.757033864734242,-2.4777211672715223,-0.0005264663029226487,
8,4.350775525972916,-2.9799434689969364,-0.0005216762740305847,
9,5.107114864546077,-3.783950855718454,-0.0006053425217133895,
10,5.604786260256854,-3.9650057295294214,-0.0005789025695269825,
11,6.129213569218916,-4.313839337198571,-0.00062898809074371,
12,6.758897763167245,-4.699490981731723,-0.0006594775857552258,
13,7.4286041288825535,-4.8515271749513,-0.0008277704919284749,
14,8.229543746508089,-5.271243193115848,-0.0008187059723649871,
15,8.816683753238987,-5.673011507978849,-0.0008759632822211501,
16,9.675195678093154,-5.704400406973293,-0.0008005560858799906,
17,10.269378754152894,-6.15080453680183,-0.0007172804097687903,
18,11.164016441376052,-6.237193468859487,-0.0006551282372231945,
19,12.224220681939121,-6.624345888269804,-0.0004973439577126395,
20,12.806804628534698,-6.393542320322403,-0.0005241440973216064,
21,13.74187569023378,-6.363097765929292,-0.00042926477661814214,
22,14.506338111865565,-6.234590197629376,-0.0003786150652693436,
23,15.396130496943742,-6.275258151678173,-0.0003992984428820715,
24,16.278084082555303,-6.1231418666002595,-0.00034138229472375147,
25,17.301438937146,-6.001561990788435,-0.0003233581336890924,
26,18.161572109646833,-5.994269972110798,-0.00014348864048324345,
27,19.331847224337718,-5.597806590489334,-0.00015341957438675955,
28,20.11043982769176,-5.4943712756382235,4.923527132240466e-05,
29,21.092342541107016,-5.227076985031236,0.00023357464924532098,
30,22.147124235557733,-4.949796702564708,0.0002569451583109731,
31,23.301206399459925,-5.196599364943748,0.00040030738254750336,
32,23.91626477168635,-4.550612980280379,0.0003916618433348423,
33,24.89058583212427,-4.4673712261716725,0.0003421531314487999,
34,25.829035831104047,-4.222716742906498,0.0003508837888190589,
35,26.858735915904056,-4.311945876661901,0.00032429213341915485,
36,27.505959386657576,-3.947956322105046,0.00029808520801116956,
37,28.36204696896682,-4.0326367897210975,0.00031983152058899934,
38,28.946302486530072,-3.9011142600447926,0.00047443114145773266,
39,29.717004987947576,-3.783098379363282,0.0005260219925811978,
40,30.48166405186078,-3.6256708308069197,0.000584326254558863,
41,31.104273073426935,-3.6352442238511413,0.0005738988531995125,
42,32.0150753074266,-3.4897770699060824,0.0005823469316434029,
43,32.56777652117643,-3.4263741973403894,0.000644749484326487,
44,33.086729640366656,-3.2865179029762386,0.0007019700346556694,
45,33.63768731576915,-3.090027892152707,0.000708789075994873,
46,34.2665520527423,-2.8592213823005213,0.0006106792915915562,
47,34.842183607152776,-2.6477118089967733,0.0006544437775188578,
48,35.24436093417031,-2.4425873332225856,0.0005463886904893718,
49,35.72759979420028,-2.314581615945464,0.0004828592934384586,
50,36.35349413758425,-1.8228676145767169,0.0003756973869154018,
51,36.81255148771197,-1.4940501718570312,0.00034550554981905635,
52,37.24656999490838,-1.0650737065528555,0.0003109187270109037,
53,37.89008129539451,-0.5070786384987247,0.00020367577439104123,
54,38.122896447462296,-0.15413334299192538,7.572374614038313e-05,
55,38.517409229285434,0.4590266863819976,-4.8989471450169066e-05,
56,38.937379042043126,0.6527036069083856,-8.04343937194794e-06,
57,39.77831253807706,1.53203698003828,-0.00012132574085523738,
58,40.11826436740839,2.273010539500113,-0.00013767820277935967,
59,40.70260539664267,2.7965301098929474,-0.00017750173967117698,
60,41.39009930235968,3.56349325934933,-0.00031414812700365763,
61,41.58668836474121,4.6252619428341255,-0.0003939907290796528,
62,42.24683298015776,5.5142162413731,-0.0005260994893245339,
63,42.63559816667507,6.643908394228153,-0.0006689403075629606,
64,43.01343146190977,8.132227805989574,-0.0010121410115498206,
65,43.57204687298316,9.287021310258558,-0.0011997355393395287,
66,44.284182976925294,10.631582426321723,-0.001258051399683654,
67,44.98940246551708,12.014928339346886,-0.001554436175940673,
68,45.60254118931781,13.367613608045385,-0.001771195567919947,
69,46.00827949947861,14.921244813702607,-0.0020109521094889902,
70,46.74562026457787,16.643175010565475,-0.002208556217381317,
71,47.226098144032576,18.26230126243204,-0.0024004198114995377,
72,47.99218816164391,19.94023676461171,-0.0026524893813601397,
73,48.653110438404404,21.9513191657761,-0.002822622663770557,
74,49.13860849966297,23.809898621322237,-0.0030004485744102053,
75,49.734185874991226,25.541064527280067,-0.0031479228043328946,
76,50.497504609864706,27.293895692230983,-0.00347557054262406,
77,51.058928667264546,29.002152481698232,-0.003618288253604134,
78,51.92037388687997,30.74710811156957,-0.003668016857296027,
79,52.27746915444174,32.73607690017993,-0.003797026556388791,
80,52.94927862978527,34.45435314699359,-0.0038414766061819657,
81,53.693813892438236,36.47434926199758,-0.0036215006903120893,
82,54.17218311553278,38.28781242337884,-0.0035999136861968243,
83,55.09562355681382,40.15623842115652,-0.0037342578612094314,
84,56.148399039691,41.88899654236822,-0.0038560623096787943,
85,57.03891571768912,43.08783717521438,-0.003759307557567069,
86,57.724574807949736,44.707515870061336,-0.0038703448665525384,
87,58.6816213009003,46.24007719953756,-0.003860074247902179,
88,59.302462055031086,47.82706538256869,-0.0038482424304690905,
89,60.58053424053747,48.83443108649025,-0.00367375753659118,
90,61.35869415361524,50.30846720463681,-0.0035869722271534223,
91,62.03120105962373,51.22551152632028,-0.0035225545950113147,
92,62.70473892916396,51.86011859761343,-0.0033880350341044954,
93,63.37961877836501,52.86185804879927,-0.003253765018551217,
94,63.80654480283896,53.62332466104533,-0.0030353221316898465,
95,64.5222432145981,54.1260498123163,-0.0028026052608200506,
96,64.727339596718,54.58812043424385,-0.0025392346774273165,
97,65.25269343558064,54.89088962343664,-0.002285430495545237,
98,65.66461142431895,55.380061828064925,-0.0019961438636965203,
99,65.62956053774766,55.71874013478976,-0.001864490957220157,
100,65.7339298791859,55.84037265319148,-0.0016568775121914368,
101,65.68205873784741,56.0359697594272,-0.0013355638217684676,
102,65.57619587922248,55.99315572899708,-0.0009312250028828497,
103,65.28692400711499,55.627009978790916,-0.0004382855109000979,
104,64.85041159130583,55.76284559611446,6.38590796017373e-05,
105,64.57011160026312,55.63975208802009,0.00034293964608558635,
106,63.860161511287274,55.643555389614015,0.000565942438864545,
107,63.22894071988555,55.34678201739185,0.0007844135984510121,
108,62.55034903760749,55.351822941972394,0.0010354547484707098,
109,61.84835772698067,55.027231721899916,0.0010372130123910272,
110,60.783089668164024,54.71344536505637,0.001216266976418119,
111,60.05760578214987,54.20099296647802,0.001431343910821207,
112,59.24107774602724,53.80247909237394,0.0015359006504502449,
113,58.325840171709274,53.39674645299864,0.001681152874184111,
114,57.4867615522674,52.61190670819421,0.001715687624625104,
115,56.45493451859343,52.058888562549974,0.0018995586272775693,
116,55.87080110785746,51.24523147369771,0.0022036422194917187,
117,55.40006691991679,50.71068669978372,0.002422876266685273,
118,54.79715512661073,49.80651643266291,0.0024015414379187556,
119,54.15049340283974,49.253211290596724,0.002425757531093178,
120,53.84180696220486,48.05178424993463,0.002484239407201767,
121,53.47406538386073,47.35965364674392,0.0025799689935047864,
122,52.897516932973815,46.23218425323714,0.002837677378719152,
123,52.616270281863976,44.80374544340256,0.0028809581725930903,
124,52.623611922191145,43.72504424276196,0.0029590974494236137,
125,52.35908908729738,42.831094597529656,0.0030678527440126087,
126,52.21964947581562,41.44575650048026,0.0033700273761021232,
127,51.9958957315548,40.71859091655554,0.0035982818595767137,
128,52.35126486437176,39.595633588118325,0.003828718543788084,
129,52.35067060559793,38.01053849178072,0.003946686457080569,
130,52.45885507889664,36.612856553854634,0.004159331674842086,
131,52.29692487018226,35.20910758038599,0.004244088899509821,
132,52.207850810125485,34.075529162287374,0.004496782294405115,
133,52.18654046377589,32.7780348794256,0.004680143559593027,
134,52.17528280461552,31.41533091053384,0.004752639295629637,
135,51.714169259275394,30.226744039816182,0.0049837100403066215,
136,51.800755304943536,28.886399834964365,0.005349521479747673,
137,51.84869158873549,27.74209371208086,0.005450823695582739,
138,51.59861984019389,26.324045280973536,0.00569757508578662,
139,51.5944321253823,25.51453141748837,0.005918255123381975,
140,51.24841802964289,24.22538207024304,0.0061819941311337554,
141,50.836402719640546,23.27587759555459,0.00607942563332517,
142,50.37007679148641,22.054821467370953,0.006236931373186053,
143,50.13554045878248,21.43031216213777,0.006427336242944789,
144,49.62478103800865,20.79290180342956,0.006541399197818272,
145,49.050882502477634,19.697684883275304,0.006860378651218487,
146,48.44163022943743,19.458310445231334,0.007067073752600641,
147,47.80310317296724,18.96383114863707,0.007246831412896326,
148,47.31323422008618,18.258377031189635,0.00758730585438165,
149,46.68727716931004,17.918664978576683,0.007611008578004484,
150,45.93871600474386,17.654359377221105,0.007597892984090809,
151,45.09189357363991,17.502684658618346,0.007573162986847934,
152,44.45119004831277,17.27942774870416,0.007612285664932562,
153,43.62179794807705,17.144189497053226,0.007645888295834492,
154,42.83511391582384,16.896303082545305,0.007697254820305657,
155,42.339404981540596,16.947390254810216,0.0076106561273219485,
156,41.24859328393293,16.66047547060365,0.00753268208242181,
157,40.4992690395253,16.68123924291984,0.007511817632807337,
158,39.76958006853171,16.467578841443935,0.007499037188106846,
159,39.152553958603676,16.49157963429481,0.007246230695212104,
160,38.541607790866955,16.370490477617697,0.007237920776951659,
161,37.61963169948522,16.073290938361687,0.006878418051931859,
162,37.11795714857738,15.98348505704742,0.00688009207826831,
163,36.707659600708794,15.46248409622388,0.00671131294900263,
164,36.07377409798236,15.083093074216904,0.0065197561015071384,
165,35.881479307883744,14.62686672167832,0.006391905132033463,
166,35.74160923674705,14.068691176685958,0.00614263232351733,
167,35.48950007949929,13.513100477077732,0.005886193993991289,
168,35.62060878510718,12.932982900985179,0.005565838067251927,
169,35.718184879640994,12.282157741068973,0.005170290441578665,
170,35.694922818560904,11.346410203565734,0.004789536857014842,
171,35.79045731523206,10.705569480636985,0.004452176114909441,
172,36.0065366437567,10.13184125005693,0.004079247203221868,
173,36.35401532562528,9.598634444138503,0.0036444592024619245,
174,36.76602951434866,8.812503827017965,0.0032847698340881587,
175,36.91383852716687,8.146229648011259,0.0029621059038754285,
176,37.249859053357255,7.509810617945995,0.002583637494408003,
177,37.86360793954397,6.752514709546722,0.002065593060520891,
178,38.338023239948505,6.238794084739946,0.0017946259983497603,
179,38.71484661934077,5.287871234384638,0.0014102831055441206,
180,39.021182469702495,4.744179380625955,0.0010460606084103333,
181,39.512006005446466,4.1182507371488315,0.0007092338441170578,
182,39.95808680872114,3.6070359213851413,0.00022014331839560796,
183,40.35662031384176,3.1036786149048536,-2.7955128233723146e-05,
184,40.78017512771595,2.8116320480573775,-0.0002768693290764003,
185,41.04368449068382,2.0362206155710805,-0.0006192840562874731,
186,41.33566061838762,1.6274122352604117,-0.0007534712540519586,
187,41.730047757136994,1.2441185962384276,-0.0009508570089170731,
188,42.12475780726873,0.6823031386506481,-0.0011201838523021593,
189,42.24532529170837,0.5903164889391281,-0.001438984565259628,
190,42.62473235657905,0.20365282626986814,-0.0016248909808520534,
191,42.68140679031277,-0.23648027119091858,-0.0019216360463296415,
192,43.112789199778646,-0.5420570288818058,-0.0021276517772674595,
193,43.27482399567926,-1.1515545451317406,-0.0025025819095936797,
194,43.30681713276091,-1.5747102325882283,-0.0027814262239618187,
195,43.502505364739164,-1.6057595502915516,-0.003167634272296055,
196,43.65111410705656,-1.9506361839005837,-0.0032594030815662977,
197,44.04035247207131,-1.820095549073073,-0.00360154209860311,
198,44.16732875356115,-2.2765630924633036,-0.003850937617191869,
199,44.2631822940883,-2.521183097327403,-0.0040237476476179534,
200,44.04170732258655,-2.8256049114045396,-0.004116201801091502,
201,44.03084533038602,-3.047248577202,-0.0042741711180954685,
202,44.07240546391694,-3.296754232946445,-0.004349700326960024,
203,44.21115194922334,-3.4733434822983487,-0.004457008916270372,
204,44.049522884066576,-3.57794975403575,-0.004583961012191874,
205,43.93204967093171,-3.6662721276983814,-0.0047128344115064755,
206,43.78302756572737,-3.711732357021346,-0.004792693226818187,
207,43.73309002904413,-3.753423382770911,-0.004886580492951447,
208,43.352206916040686,-3.7107134031160802,-0.004885228900688131,
209,43.04480697385712,-3.740756766851461,-0.004793155058517336,
210,42.44381161663087,-3.630822457838244,-0.004882135052573308,
211,42.1480813420953,-3.567234205451116,-0.00494757260253296,
212,41.79173089177892,-3.5032014446761885,-0.004815715307011894,
213,41.21926599213611,-3.4395442416646698,-0.004871990713797089,
214,40.666151962929,-3.1303126953353506,-0.004982346853088462,
215,40.35466002584317,-3.198545070077203,-0.005003281582861285,
216,39.70005393819037,-3.0583402901006327,-0.0049393571293421005,
217,39.219130863790035,-2.950650070842734,-0.004844006866535079,
218,38.75216280995707,-2.850473567681729,-0.004967532341289601,
219,38.237635186573506,-2.694145340591671,-0.00478197605642031,
220,37.517409667347025,-2.517779536770902,-0.00488748404438347,
221,36.71574213383169,-2.409652813049561,-0.00488812273658162,
222,36.39113298007965,-2.270309318968859,-0.00481707989986934,
223,35.82293143141805,-2.3500329639905098,-0.004720244112619555,
224,35.16054558204094,-2.3896883610996897,-0.004736291659749902,
225,34.26306410548679,-2.611681101660781,-0.004648104232415495,
226,33.77345917021027,-2.8205226744034415,-0.004421792700025763,
227,33.33775828511038,-2.660733311290153,-0.004374591521767666,
228,32.83923419480375,-2.798512068075524,-0.004449258233407695,
229,32.38074974675587,-2.731763314509456,-0.004302897681392002,
230,31.949582672317216,-2.738551803861605,-0.004347886958280271,
231,31.516917791849195,-2.781560392460237,-0.004269084540497805,
232,30.824409493882957,-2.959212796802366,-0.004386156271345163,
233,30.73800746762719,-2.932679183203576,-0.004403093760559255,
234,30.49247614650145,-3.1767317804823856,-0.004333319788005431,
235,30.09901626929248,-3.4703623100630976,-0.004375191779217409,
236,29.863132152238475,-3.794145359725765,-0.0043465105673867535,
237,29.70380474601936,-3.949382886043886,-0.004336560460876655,
238,29.58733952388677,-4.323480707714881,-0.004413496970145686,
239,29.464433643347505,-4.09961328746258,-0.004576874190208122,
240,29.297115783298782,-4.512734082519839,-0.004760969436933436,
241,29.110350895378392,-4.961647994992817,-0.00473053251527385,
242,29.077184446807426,-5.3392920642037,-0.004638185619234234,
243,29.271316227251802,-5.778735585177602,-0.004485631687164535,
244,29.299264189985355,-6.156137522372481,-0.004377360481273332,
245,29.054564117099684,-6.6552181790396325,-0.004332238388733088,
246,29.27002298657008,-7.079040148143493,-0.004342018952329407,
247,29.39222308973593,-7.519582528179412,-0.004382710772007999,
248,29.3827761973843,-8.034385962500739,-0.004624687367486081,
249,29.397970004736305,-8.838370406653805,-0.00479323060443594,
250,29.523637161447425,-9.589715459458526,-0.004875558062905982,
251,29.575518377020394,-10.607096423310429,-0.005100546897694016,
252,29.68623452857035,-11.519745144379709,-0.005331549162900831,
253,29.918110632086794,-12.375861218837493,-0.005435427584816601,
254,30.1690855215146,-13.073484783696816,-0.005810404270400487,
255,30.22780355029098,-14.03454261860603,-0.005876321346883129,
256,30.428863184190917,-14.999172629054009,-0.0061227058415654,
257,30.53474153835495,-16.113685652273713,-0.0062186494255952575,
258,30.779797677098774,-17.029931618677793,-0.006393380986523528,
259,30.961964184850398,-18.099459877903772,-0.006546509538928118,
260,31.221753561589217,-19.193219777043307,-0.0067557797165012385,
261,31.589271164165893,-20.5742323955664,-0.006979865788178517,
262,31.75214961914183,-21.533376590790194,-0.007125561981888034,
263,31.89433812124925,-22.758002575062655,-0.007307563135988698,
264,32.17476126661813,-23.906940791568278,-0.007462034525207606,
265,32.4050800487719,-24.91090622460006,-0.007645288063758202,
266,32.71579261180443,-25.89795100627174,-0.007949058757081382,
267,32.94163668994274,-27.255032395141413,-0.008077746362530154,
268,33.1613370964687,-28.3487751678075,-0.008556658755514385,
269,33.51403627101481,-29.618049915935075,-0.008742808548112057,
270,33.87233415966071,-30.574526543544014,-0.008988378417699103,
271,34.27417688444104,-31.86125007512016,-0.009032286203956628,
272,34.56340388924249,-33.0966125215924,-0.009132603906978789,
273,34.99603423642516,-34.19104783687351,-0.009207322694501793,
274,35.37290909656325,-35.12791563121567,-0.009198996133791416,
275,35.639743806115554,-36.08907261700167,-0.00938807929400903,
276,36.05350138965124,-37.20890860391165,-0.009341558316389682,
277,36.35603345435885,-37.870790024480215,-0.009474363259359747,
278,36.76590725391253,-39.181500124530324,-0.00953701959686695,
279,37.097815573061396,-39.951086273400016,-0.009576452408184269,
280,37.518094156947726,-40.694045188096666,-0.009631564978445351,
281,37.863078124164495,-41.38848612936696,-0.009805075853740044,
282,38.39900477235172,-41.97765043090159,-0.009934407499916132,
283,38.54252848957143,-42.34097800524542,-0.009969934431456603,
284,39.01216883536948,-42.7597218948564,-0.009947268191789227,
285,39.46107915803747,-43.157380928502356,-0.009992520157367672,
286,39.81528464977232,-43.62178616576213,-0.009997689343061871,
287,40.11734425897748,-43.8420657111902,-0.009952947643408925,
288,40.539142243260045,-44.129974402981325,-0.009873245158905508,
289,40.97947119526834,-44.36571971677059,-0.009815616931766137,
290,41.21924379251977,-44.46710021436031,-0.00975039682047464,
291,41.48230962704076,-44.531602223509324,-0.009596530474249541,
292,41.68821947485044,-44.48010314122616,-0.009431057527776147,
293,41.88998954238302,-44.477522582991014,-0.009475164321000129,
294,42.327256296155944,-44.288790698541575,-0.009391976139438945,
295,42.55607299134875,-44.241518452926776,-0.009333626808190979,
296,42.74286854521029,-44.29651696015288,-0.009250440847702872,
297,42.90484547284243,-44.22493239611048,-0.009164994168032835,
298,43.004331873269535,-44.00943275480751,-0.009042637988950728,
299,43.07442368535307,-43.552944271679756,-0.008934436481709688,
300,43.26597992102515,-43.33446595504344,-0.008877960191304822,
301,43.50946812739994,-43.20664865570919,-0.008828247498684652,
302,43.6455939195956,-42.56150256229359,-0.008683778750666867,
303,43.8248537419379,-42.00940438124936,-0.008591647860410181,
304,44.00564359094304,-41.497987364829946,-0.008583160910293736,
305,44.168268952302085,-41.050748731732774,-0.008645483078224618,
306,44.443651283405316,-40.70100205723827,-0.008644203844565575,
307,44.6889254146393,-40.120529632674895,-0.008530674756132967,
308,44.68896444691417,-39.4600169003799,-0.008527355436763433,
309,45.00238409367213,-38.71685884772484,-0.008384440411724401,
310,45.204008843545765,-38.17458630864559,-0.008401792048369562,
311,45.63355808476631,-37.498678938697765,-0.008400828783051036,
312,46.21835999227441,-37.00189002167603,-0.008320450342812561,
313,46.69469207303476,-36.47203505155435,-0.00825318519394721,
314,46.985636135530605,-35.641481542872405,-0.008270273105748967,
315,47.47370079538344,-34.845763632636995,-0.00818007343217954,
316,48.10120570845615,-34.251185482392124,-0.007879615532633949,
317,48.55594394483705,-33.71762544872564,-0.00794249081514579,
318,49.177336245171475,-33.12003002178314,-0.007752143399686725,
319,49.85277946730585,-32.513920823860275,-0.007701965193621003,
320,50.42237379311316,-31.852589430263,-0.007621852748142688,
321,50.907253776118225,-31.14565344227371,-0.007606839574245044,
322,51.82377425851863,-30.691080268486946,-0.0074960553877454735,
323,52.33922456860826,-29.677204955274043,-0.007451302575772865,
324,53.02944905539781,-29.179953252524193,-0.007374140925309869,
325,53.69113372452824,-28.335568833552454,-0.007453879741856544,
326,54.53190473588262,-27.96052210102343,-0.00733829387646026,
327,55.2900495030623,-27.45938697242024,-0.007166768227220134,
328,55.96736370708092,-27.45876611352537,-0.007081832212947534,
329,56.615714778527234,-26.887146766540226,-0.007145726233933277,
330,57.02365617945498,-26.622360570367196,-0.007013957500615054,
331,57.5173408732684,-26.365388856350965,-0.006903701302161185,
332,57.907721959998796,-26.03606961428709,-0.006951280677166976,
333,58.51222810965122,-26.288445339016512,-0.006855780165233229,
334,58.93283458170731,-26.26563134567388,-0.006921497371128547,
335,59.26808389933143,-26.25128848109092,-0.0069859646905961635,
336,59.34317423290975,-26.36331745545061,-0.007010190292662902,
337,59.45049790140909,-26.604072022018247,-0.006979271112106083,
338,59.593029506546564,-26.96079246567908,-0.0068185696331851675,
339,59.58860850769395,-26.80230851490287,-0.006904581927959823,
340,59.526779098637235,-27.26946936938546,-0.006921519782868797,
341,59.41654308297827,-27.86804886345245,-0.0069585578473312015,
342,59.64189319698387,-28.512844479216007,-0.007028275345640777,
343,59.3356350729525,-28.96432507304188,-0.00703242292320241,
344,59.099388813935455,-29.531834898982055,-0.007127836179495547,
345,59.05886370813054,-30.1966776139578,-0.007236588314384373,
346,58.777587751162365,-30.585348414814625,-0.00743831814244041,
347,58.509136870443854,-31.32926482203537,-0.00747610909722056,
348,57.993692332080926,-32.02649983785707,-0.0074929946891233576,
349,58.07186715780433,-32.635055168542216,-0.00752857450831494,
350,57.8295584085537,-33.13267681698526,-0.007557285010229119,
351,57.38238504137486,-33.90733574696204,-0.0075385905014860735,
352,56.942285915948766,-34.67908713175306,-0.0074257628175618175,
353,56.59039813728155,-35.21604373591026,-0.007353816323928583,
354,56.475186423136975,-35.9595949937581,-0.007399898542856223,
355,56.33298753549429,-36.531216694717564,-0.007312822059342003,
356,55.77780833391229,-37.18189589424567,-0.007469078483030781,
357,55.329034804109824,-37.045624152120475,-0.007465962250987569,
358,54.75782199438026,-37.55462565804458,-0.0074231274324711004,
359,54.21354878526975,-38.18040296953137,-0.007331773443367729,
360,53.9113196011741,-38.67259973171825,-0.007191895960308799,
361,53.27481999403908,-39.201304593504595,-0.00692876173269061,
362,52.739467878679044,-39.73148338629927,-0.006656458064312456,
363,52.158604731268774,-39.814520709196096,-0.006708786771986037,
364,51.62365664159728,-39.82031234617597,-0.006736409107934172,
365,51.03284191043319,-39.941214309631754,-0.006678038758132699,
366,50.14370407896084,-40.07745791051532,-0.006826063986943926,
367,50.101000916407784,-40.12595766419534,-0.006927583638599638,
368,49.29319080162181,-39.749767756262564,-0.007099958230728199,
369,48.57282040450546,-40.05556600369441,-0.0072162349374424025,
370,48.017145872789555,-39.98366310350098,-0.007104182049842267,
371,47.1503557934801,-40.28304896656529,-0.007164336536855777,
372,46.60618831911571,-40.54647911916162,-0.007090154702761773,
373,45.8298394901066,-40.25566276019007,-0.007198782351643684,
374,45.30866986768132,-40.20938165902059,-0.007415144575941847,
375,45.05959533546208,-40.0264068182874,-0.007498670994579617,
376,44.104035083102424,-39.53180884125285,-0.007783429844160809,
377,43.68041096339223,-39.49837711276031,-0.008047763966370658,
378,42.973963383293125,-38.8656494659264,-0.00835609435644777,
379,42.60391307374346,-38.82336839818001,-0.008626923265516964,
380,42.06589153668082,-38.67178769807847,-0.008842457103385222,
381,41.74189224964699,-38.643857124619515,-0.008866645729822976,
382,41.36443748626055,-38.40454453511972,-0.008950917362494402,
383,40.97197880678315,-37.93177277028614,-0.009132175717590263,
384,40.76036984296128,-37.41384402389677,-0.009257983288369877,
385,40.42339160575279,-37.2094003693431,-0.009340318155712905,
386,40.381689488363435,-36.78321338347485,-0.00945737011330267,
387,40.118075230376846,-36.30029278765637,-0.009688042644949844,
388,40.10099173676507,-35.93455855581019,-0.00984047890269479,
389,40.08333311368674,-35.4398983288821,-0.01000583802610441,
390,40.10843164038766,-34.87751731627498,-0.010127323084377448,
391,40.03268169263202,-34.29956172011754,-0.010248871769293993,
392,40.06851745686713,-33.82621603279973,-0.010256044267438508,
393,40.03099536520772,-33.17754051052501,-0.010364065825249675,
394,40.33015959439878,-32.687959470789245,-0.010516356923048231,
395,40.584165287997266,-32.24596483615192,-0.010573671365146626,
396,40.56996358166711,-31.82864178309569,-0.010693553739642862,
397,40.601512850111604,-31.28677105955767,-0.010798797188289886,
398,40.55430016344741,-30.853002900278995,-0.010872960987911856,
399,40.529028580031046,-30.418509622844237,-0.010944278869827722,
400,40.65840272096689,-30.022963035435946,-0.010974775428944528,
401,40.81102214510533,-29.721557064062125,-0.010970286152960688,
402,40.67940716357953,-29.56379106117585,-0.010898415755853548,
403,40.781578677082315,-29.424478945492638,-0.010730050433520726,
404,41.05177824456666,-29.1606320129324,-0.010609070722688402,
405,41.067741470799206,-29.282471829828836,-0.010470019608293486,
406,41.086929839685936,-29.354833521430844,-0.010309946430200844,
407,41.16838050702528,-29.345015427631324,-0.01032505561843094,
408,41.07484872936958,-29.69464116899521,-0.010309198548302112,
409,41.12685707698347,-29.748742762614114,-0.010310912269864324,
410,41.154681242352815,-29.978624359139655,-0.01028662435278857,
411,41.16669974628805,-30.29645691985986,-0.010264046318294116,
412,41.177242232471215,-30.753146329831125,-0.010114342379330205,
413,40.87810201971627,-31.695803615145703,-0.009871250488309299,
414,40.99129784676515,-31.601531795276646,-0.00960473139840261,
415,41.09237782322929,-32.77686237223171,-0.009506571078891234,
416,40.89480975863704,-33.24315804769582,-0.009455845704957517,
417,40.89161665407433,-33.969636246779935,-0.009368710651275437,
418,40.93556331194429,-34.40441507471864,-0.009307865038519058,
419,40.67608810222203,-35.16894681846582,-0.00925299129761564,
420,40.56255721900116,-35.541962404516504,-0.009275965588336899,
421,40.341969973687476,-36.3314187483598,-0.009374512370861123,
422,40.40685956619733,-36.99217409088143,-0.009279961503543465,
423,40.19001651506457,-37.70382122601559,-0.009245701804935232,
424,40.02649632254163,-38.61482502592683,-0.009059463808795899,
425,39.9543944217565,-39.004084094721016,-0.009041842177246755,
426,39.96730007455523,-39.88677420222172,-0.008930193713596752,
427,39.69855990142691,-40.79696789430144,-0.008933276768557737,
428,39.73406906276824,-41.5187347696269,-0.00896746571556864,
429,39.68922585228225,-41.934567590522235,-0.008889202879090848,
430,39.65576311660723,-42.50192188206379,-0.008814105462673479,
431,39.41490148891182,-42.91185662945214,-0.008833421991046314,
432,39.5321577154182,-43.23223379866145,-0.008729467489635696,
433,39.50536442215042,-43.810476617691954,-0.008648522959819013,
434,39.48506429033508,-44.4149864015734,-0.008606275937991617,
435,39.41615749235425,-44.938781702375415,-0.008515249871483934,
436,39.435631892252644,-45.217908243808914,-0.008335908402297549,
437,39.416746200645335,-45.47582196854556,-0.00830213738337811,
438,39.55815310736802,-45.7868139910337,-0.00826301193991079,
439,39.64354164236019,-46.112540724877675,-0.008315886742048334,
440,39.49879420840038,-46.28697323429023,-0.008317481138209189,
441,39.44651696221619,-46.69227212160802,-0.008220334672235556,
442,39.48077341192557,-46.69174279674884,-0.00817516599024725,
443,39.589722073032206,-47.11558442676659,-0.00811531681684614,
444,39.69323549400355,-47.30601798999637,-0.008060257048954978,
445,39.78476445829966,-47.44746700150333,-0.007920760421305248,
446,39.77298783858311,-47.46882557314391,-0.00781659277019247,
447,40.011216763203024,-47.771554464048386,-0.007641285512803577,
448,40.03362944014039,-48.086286327565084,-0.007480729742474649,
449,40.14708875867238,-48.319232352452346,-0.007398565955732244,
450,40.11751728981914,-48.41464055480006,-0.007344174749565647,
451,40.058661258098795,-48.4874303421506,-0.007322724793671273,
452,40.097871011651634,-48.954628043122256,-0.007165613305073368,
453,39.889078604306846,-49.17828757194437,-0.0072350713206155385,
454,40.13031461040279,-49.52920804852704,-0.007088093615335365,
455,40.26696485281065,-49.78778877863699,-0.00698158844861609,
456,40.084983206324885,-50.22085357573524,-0.0068703678279728765,
457,39.97822256127223,-50.649258617478594,-0.0067393451109270825,
458,40.01238621543185,-50.82815243982309,-0.006632295069334141,
459,40.14144417709217,-50.994419487470466,-0.00646787500797941,
460,40.17098630671804,-51.17267874154782,-0.0063743420311896185,
461,40.133851817729834,-51.512714848482986,-0.006495475488304458,
462,40.12200233714014,-51.777338950486865,-0.006536558325397558,
463,40.05843292831186,-51.99340718210481,-0.00658108670280572,
464,40.04214207311769,-52.389939359771766,-0.0066633538936644475,
465,39.8190535993172,-52.42190001370194,-0.006712044069791452,
466,39.897098371301155,-52.75900119571065,-0.006658486991378331,
467,39.966553414042025,-52.84693118563416,-0.006742182601990035,
468,39.918799982578186,-53.057840304296406,-0.006720799968925798,
469,39.59233658920901,-53.6550261096129,-0.006672278263043384,
470,39.60900487677576,-53.86952249112413,-0.00647511497790431,
471,39.43706095341879,-54.03638645505254,-0.006403811260847384,
472,39.53775218055087,-54.20316157955599,-0.0065081438264754,
473,39.69614872579611,-54.41314454841099,-0.006624201602975487,
474,40.00136629850966,-54.61095867028323,-0.00681415082428347,
475,39.88993511004004,-55.15778451725408,-0.006750737483898829,
476,39.725038320247336,-55.290661619875294,-0.006867518209371051,
477,39.59518824610827,-55.31975194405927,-0.006905550391198897,
478,40.02052985269326,-55.4978931115937,-0.0068922391862958655,
479,40.39502361727704,-55.812204077596306,-0.006864296821714996,
480,40.29406708109401,-56.15124162053263,-0.00691132541004944,
481,40.16868740077767,-56.33690203119527,-0.006940140368778963,
482,40.18709083651571,-56.9558972493993,-0.0068917621072849275,
483,40.19515623869545,-57.29565224159138,-0.007143725947443568,
484,40.23254796398879,-57.5424815974692,-0.007273360972221421,
485,40.30751182225078,-57.65937496512207,-0.007379182785592303,
486,40.524277568119366,-58.053594524901996,-0.0073877611746449605,
487,40.581085306564106,-58.41189821584071,-0.007385997668352691,
488,40.54972345697393,-59.01214751092319,-0.00739496178173392,
489,40.6343114906453,-59.50617159008611,-0.007390397260183702,
490,40.34462085401461,-59.920256365207464,-0.007443131201079019,
491,40.5688264828915,-60.515956809055005,-0.007369803425288249,
492,40.489517075237366,-60.81331032512932,-0.007284413147460758,
493,40.242111900060735,-61.44841195594063,-0.007366055659798315,
494,40.14702704343287,-61.75570877485643,-0.0073858920631091,
495,39.97587174842114,-62.207597113759945,-0.007569528452897725,
496,39.956305385087646,-62.60911532022791,-0.007624685999813828,
497,39.3799010859499,-62.67085892849353,-0.007818851790886589,
498,39.33608322456777,-63.339435661504744,-0.0077860995131709574,
499,39.17537246232595,-63.59249515294699,-0.007729277877988887,
500,39.150677190367546,-64.11190994519451,-0.007794859004444226,
501,39.07740998288252,-64.97730613420009,-0.0077553713621345294,
502,38.88864012166799,-65.26551392704278,-0.007750914570714445,
503,38.849076995659736,-65.8058797933514,-0.0077652267156592385,
504,38.70045072893341,-66.53309443096308,-0.007881319764481412,
505,38.54547186175827,-66.87638322642051,-0.007938042256195104,
506,38.57343748435426,-67.23250953762846,-0.00785142759683444,
507,38.571752133861075,-68.34408802665729,-0.007977522594990951,
508,38.64284614117593,-68.7326545444099,-0.007988159970164431,
509,38.83566384184315,-69.32843112888357,-0.007974098068925453,
510,38.86863582049207,-70.24183624273506,-0.007877065049523572,
511,39.09301957284514,-70.73716580148026,-0.00777852524549562,
512,39.40761456726522,-71.35231605179601,-0.007806528068950601,
513,39.577280692595906,-72.18181414250229,-0.00787196580555434,
514,39.75911770926318,-72.65104427263499,-0.007824327767450187,
515,40.08182309074518,-73.27520680755879,-0.008021788912649729,
516,40.57888081355547,-73.62448501761173,-0.008201599176902944,
517,40.996671893308395,-73.99871393026619,-0.00827331429250465,
518,41.37927120384908,-74.51424693992718,-0.008346731546385685,
519,41.84741445399976,-74.7801056804838,-0.00822541288132205,
520,42.26199343466581,-75.42787249426598,-0.008171539068135746,
521,42.81932701364433,-76.03559129162596,-0.007990379854760877,
522,43.228464186526466,-76.38822803422788,-0.007801977878895796,
523,43.84523832904333,-76.65587498149648,-0.007676310658738893,
524,44.629666871774205,-76.88397963757804,-0.007754910997979312,
525,45.09966558819843,-76.75728094012398,-0.007914031580752379,
526,45.69102490319547,-76.93167406665295,-0.008092903754410755,
527,46.22069002266314,-76.894806264103,-0.007983984106466719,
528,46.8396751726371,-76.90444560434062,-0.007805208461543308,
529,47.36982758493498,-76.9416269683971,-0.007641032997284739,
530,47.90477150172249,-77.3062591421656,-0.007357490989146582,
531,48.316333495263976,-77.14668497337284,-0.007219108534298424,
532,48.51762027631284,-77.02740338143582,-0.007165126079960423,
533,48.75109513766209,-76.61855066257897,-0.007205497998410558,
534,48.85580272678393,-76.38654948777739,-0.00735608472939036,
535,48.985681319867865,-76.10569436221832,-0.007507513227142313,
536,49.158339100593295,-75.81498609306253,-0.007529838769171838,
537,49.33240579966134,-75.5076625624611,-0.007584264609316797,
538,49.27201126016535,-75.17535805249717,-0.007577034624825614,
539,49.21897670862769,-74.88150708620734,-0.00760642381022057,
540,48.95637497682321,-74.50498308594919,-0.007613342359181207,
541,48.66425828308477,-74.13791523827454,-0.00761130299728938,
542,48.65280817895441,-73.75124301898443,-0.007597416331637293,
543,48.53576720840028,-73.01317999869978,-0.007646066293237386,
544,48.28857099579727,-72.64202324600065,-0.007687526625329447,
545,47.92436036962819,-72.30952268729521,-0.007728634253219041,
546,47.46184762898825,-71.94882600518862,-0.007855909909991902,
547,47.16179931803757,-71.5537087303791,-0.007884344380344783,
548,46.94075403754077,-71.01167694394589,-0.007905386415891367,
549,46.78996809918683,-70.51789797635053,-0.00805278931037879,
550,46.547274019715594,-70.24440034241564,-0.008129393568602528,
551,46.31885355510044,-69.69252642851052,-0.008172474197844302,
552,46.05447139362931,-69.2863832056339,-0.008207047928383851,
553,45.818935979087826,-68.90120178910506,-0.008186199617487571,
554,45.945485998597974,-68.30891682605082,-0.008314605609316886,
555,45.83782294884845,-67.91679792712925,-0.008335848427697011,
556,45.83183208638722,-67.55403324522176,-0.008423075685703666,
557,45.64841991198576,-67.09611396396916,-0.008499483361672703,
558,45.478040609283056,-66.73706383639797,-0.00860178644568425,
559,45.65544473992779,-66.48180320066817,-0.008661745989148994,
560,45.54912062626198,-66.24825663393334,-0.008711856054051243,
561,45.47587885127772,-66.00381556349637,-0.008796525026291939,
562,45.73689727362099,-65.66598227216409,-0.008763232773664878,
563,46.031277630051775,-65.62131725207404,-0.008781653604423695,
564,46.088118029792504,-65.53276680957418,-0.008653675706324235,
565,46.21108364400984,-65.44673003812616,-0.008678633461484623,
566,46.38402918692681,-65.67332041894724,-0.008708987688629198,
567,46.58513420876616,-65.7586472219786,-0.008832351161351379,
568,46.84568180944878,-65.83950171146408,-0.008965046621307864,
569,47.00957331310274,-66.0456341289849,-0.008940921973945916,
570,47.031749781232726,-66.31957506721793,-0.009086884048942622,
571,47.30722722921218,-66.80532842004831,-0.00905514146432266,
572,47.41220097135815,-67.2897753609673,-0.008888193548053269,
573,47.51602624169802,-67.75408919090798,-0.008890767177849552,
574,47.61905305806532,-68.45199611238831,-0.008867209881667592,
575,47.79641503535424,-68.921712352147,-0.008819068835857799,
576,47.91572808743107,-69.50463602554467,-0.008791830675329784,
577,47.9992964091057,-70.21396711067999,-0.008735066178673982,
578,48.035511800376376,-70.69161422514773,-0.00883582318901019,
579,47.96884992984202,-71.30472670324615,-0.008942015268038313,
580,48.006420593801344,-71.59137417361944,-0.009078642438619765,
581,47.91671535144106,-71.98029949601596,-0.009032199277831783,
582,47.79972829808551,-72.49625691905335,-0.008881102452910263,
583,47.7883647712503,-73.03099066035732,-0.008922110704108291,
584,47.53704802023026,-73.32448745811672,-0.00883387645641601,
585,47.235065989097926,-73.60306697962315,-0.008856425907157297,
586,47.158996976237894,-73.79309587478645,-0.00884911061937378,
587,47.137369247652416,-73.91330380858648,-0.008688235439997846,
588,46.93947447522201,-73.96282847716618,-0.008587010222787569,
589,46.644221130694895,-74.09145559047033,-0.008542244543645279,
590,46.25983077669872,-73.96731216012049,-0.008273154277757402,
591,46.1303296131311,-73.62834620244038,-0.008075501216809961,
592,45.82582153791653,-73.18688828869968,-0.007985679049147206,
593,46.02980135910046,-72.8672970424101,-0.007773131435479086,
594,45.78543107628975,-72.39788837937853,-0.007685702108045171,
595,45.44529504734271,-72.0672691527175,-0.007627149371666045,
596,45.11392329048506,-71.58948313420147,-0.007379886259084549,
597,44.82356259071752,-70.55490903732483,-0.007319353268544195,
598,44.844286907627556,-69.94270777332292,-0.0072936879613031405,
599,44.55001231516514,-69.07497396617947,-0.007255838597478837,
600,44.27049715087813,-67.99880103322936,-0.007054847018808233,
601,43.93397324808305,-67.0202821137275,-0.0069486728612762234,
602,43.50264398458473,-66.36369980667486,-0.006748084438501115,
603,43.111276935112855,-65.80470483787884,-0.006481600021244456,
604,42.61489413677304,-65.11389987824536,-0.0062448832035915825,
605,42.375437300584004,-64.30198853095473,-0.0061783583387962195,
606,41.75769437445996,-63.4289117272651,-0.006117823988125764,
607,41.40464225005708,-62.48608732944609,-0.006193674856830772,
608,40.91918627441282,-61.617956359982465,-0.0062780989974752935,
609,40.36440395484831,-60.84478142658677,-0.006245820938977571,
610,40.065141820264984,-59.73821070772491,-0.006273168905885361,
611,39.40974861586805,-59.00634784742163,-0.006233478017026876,
612,38.953315232246254,-58.26223200093575,-0.006088924067864949,
613,38.47709588872585,-57.510052785467565,-0.005885916889035477,
614,37.916937484498085,-57.05631943028648,-0.0057553971573113,
615,37.367547107425665,-56.23169413400977,-0.005610978031801511,
616,36.75122374457573,-55.533351205740445,-0.005560113938185096,
617,36.374630611438185,-54.95985633894654,-0.005617125939778095,
618,35.860723702476506,-54.11392597299161,-0.005576615941417854,
619,35.21715873461369,-53.53501167992578,-0.005676013502515272,
620,34.6829976312166,-52.664530425052824,-0.005776433721151918,
621,33.98238306337986,-51.684960593998156,-0.00587621630188981,
622,33.60816630055793,-50.56809300677816,-0.00588426021189944,
623,33.12264516680257,-49.874401027116384,-0.005919181844420906,
624,32.719306822963524,-49.10690983512863,-0.005960206966017017,
625,32.31087428421011,-48.517841572920254,-0.005987398092550239,
626,31.944929169797923,-47.95003179918035,-0.005976061551763294,
627,31.866894791204068,-47.150270944824555,-0.006083218794052276,
628,31.394136083163705,-46.07774778881843,-0.006267199323119122,
629,31.198660001870167,-45.41001462992216,-0.006292367804558819,
630,31.151127280358654,-44.89109966827956,-0.00638562741027232,
631,31.013368460939315,-44.1656245718477,-0.006419191017640851,
632,30.971950615911698,-43.774185028683256,-0.0063633187514657635,
633,30.976150982557296,-43.11555035353525,-0.006407266090112718,
634,31.108033984865827,-42.62992710695904,-0.006387074129487688,
635,31.33789821789241,-41.970385850369816,-0.006390943696245118,
636,31.408175633727204,-41.51708793304294,-0.006322891339599828,
637,31.527844689504636,-40.86739478253731,-0.006488987293547407,
638,31.580285307155357,-40.51323619749967,-0.006497278467273209,
639,31.701308688016535,-40.1736621053198,-0.006519697702173219,
640,31.79973805943688,-40.07408439841641,-0.006504819839594553,
641,31.84877858267004,-39.975384134829724,-0.006579955631950576,
642,32.0283510971441,-39.798552880023166,-0.006672815698848339,
643,32.067914220240134,-39.59350432411328,-0.006840043223685423,
644,31.966006906476306,-39.192724233445965,-0.006959299322746205,
645,32.01625182974583,-39.16067501938531,-0.007150464923811957,
646,31.90450229138236,-38.90376189586323,-0.00713593946348031,
647,32.020209703969634,-39.25118127160449,-0.007047588072418782,
648,32.01084597693114,-39.25500048867376,-0.00687332333043184,
649,31.984180230085748,-39.461949353413594,-0.006790187746587156,
650,32.134565287400335,-39.43787660337128,-0.006834771952162221,
651,32.33453173398226,-39.86800389742372,-0.006938283118024478,
652,32.2334937022679,-39.90713204474362,-0.0070638068391418885,
653,32.189747268648276,-40.15400115742723,-0.007140077959310498,
654,31.92259677920079,-40.36403865830028,-0.007237223231494881,
655,32.09958574259697,-40.72151658953479,-0.007272086139463763,
656,32.13048158380989,-40.62865559792464,-0.007151211770787833,
657,32.171979563555,-40.53201022222829,-0.007138970107202868,
658,32.24760422123767,-40.99940096330857,-0.007123146202528482,
659,32.18194921631881,-41.19446005343847,-0.007067952253474547,
660,32.24222829995243,-41.51914639638117,-0.007007781417257076,
661,32.37339350562212,-41.785165915988244,-0.006977677629332849,
662,32.52913676874124,-42.31838886402064,-0.0069081521673639915,
663,32.619524087380825,-42.416674579708335,-0.006959092031675159,
664,32.50444082167246,-42.5662345434318,-0.007000937478313334,
665,32.60624293404972,-42.52564985739482,-0.007183495471057267,
666,32.5019938659185,-42.46719702290392,-0.007422299837317346,
667,32.622232942499494,-42.43935057216284,-0.007596549842320124,
668,32.55732812526345,-42.49319198548484,-0.007721290560302413,
669,32.50282320475046,-42.800800256065685,-0.007755098801668739,
670,32.35522133685431,-42.988598127509306,-0.007826019356227244,
671,32.21688247024532,-43.11455960471795,-0.007793563402000621,
672,32.313846068743715,-43.29227085783873,-0.007753168921526502,
673,32.30235304753401,-43.29240346797861,-0.007674817729475632,
674,32.31258491379833,-43.49599306279354,-0.007566063358978554,
675,32.05420772504014,-43.36471520051478,-0.007611572792285443,
676,32.1924767833313,-43.533176411500015,-0.00755565049681789,
677,32.05997625223016,-43.62743992551017,-0.007467134316780156,
678,32.20338851637629,-43.77700088296615,-0.007444919570594568,
679,32.35296619947687,-43.609247875465385,-0.007477776855024198,
680,32.364918970136934,-43.689218250110144,-0.007391919209239136,
681,32.54113811113785,-43.774099544605484,-0.00734407776993835,
682,32.83986798555626,-43.8989625209813,-0.0073122385537465725,
683,32.950994340444915,-43.41318199010414,-0.0073208369882064965,
684,33.153035695191015,-43.65885826741127,-0.007189223359289302,
685,33.33612897196292,-43.31054254813146,-0.007148075382676447,
686,33.699813842674665,-43.164539095270385,-0.007261314625860271,
687,33.80422566790756,-42.99243419471048,-0.007330279877089979,
688,34.222019621218045,-42.71438069445717,-0.0072893841029957425,
689,34.62252597238332,-42.488262140987665,-0.007301617492499551,
690,34.97097300481427,-42.59960792694331,-0.007168636123056307,
691,35.43458734853517,-42.40878143846649,-0.007027243431356137,
692,35.64610382451218,-42.29217671670788,-0.006927673313247324,
693,36.05714464078413,-42.039009909316796,-0.006902747356095592,
694,36.43530817909477,-41.83545903808002,-0.006835841843434294,
695,36.79771527445339,-41.54549861377212,-0.006886019167115311,
696,37.111529436498785,-41.156142705935984,-0.006842967605383031,
697,37.55787745401059,-40.76233531876149,-0.006762991506906665,
698,37.93208590386478,-40.5024968622155,-0.0067177290289153644,
699,38.24203170297643,-40.21378141372352,-0.0067073370055128175,
700,38.62616860714643,-39.95886448412364,-0.006574267640991021,
701,39.00024171775693,-39.932075760838075,-0.006447497582322587,
702,39.15248807464231,-39.57621294442787,-0.0064756027487580525,
703,39.44448973079843,-39.05771198955452,-0.0062753374608115016,
704,39.53658488016519,-38.75356067138292,-0.00608200634524036,
705,39.79464646215644,-38.58728307352297,-0.006068249773485886,
706,39.927423859054436,-38.0841071582639,-0.006004525391357967,
707,40.12545036873119,-37.49290839913566,-0.006022188637584433,
708,40.00386124086341,-36.99722259766045,-0.00586148222659396,
709,40.117129129649214,-36.507516959025864,-0.0057975718390694585,
710,40.0721204022677,-35.57742930790445,-0.005630930739764667,
711,39.998018952362756,-35.55672024473105,-0.005401836669122335,
712,39.90770695452832,-34.88486598950307,-0.0053035542860384284,
713,39.81810743773752,-34.38795216171236,-0.005126299346429549,
714,39.68318747327994,-33.7394909829215,-0.00486702908980662,
715,39.595368333181106,-33.324609749831666,-0.004749295609621293,
716,39.20572420106851,-32.7247249488998,-0.00459328479809441,
717,38.95983332666518,-32.34082858897076,-0.004367193860532545,
718,38.91631535388115,-31.90111813452649,-0.004168379640723877,
719,38.476841489637295,-31.30068459097867,-0.0040969192405106115,
720,38.33134883536807,-30.683265985431955,-0.00410909623596069,
721,38.29777472831978,-30.459161540887873,-0.003985998379493052,
722,37.962014020055626,-30.01987069138456,-0.003948274886708847,
723,37.72148815322124,-29.568131667138665,-0.0039931787142046,
724,37.41174122273058,-29.32035548002847,-0.0039680138410061894,
725,36.83330408705556,-28.801816393067554,-0.0038737564805580572,
726,36.612916712168975,-28.586201105682683,-0.0038804270633727503,
727,36.346467110004575,-28.268119329598466,-0.003786897310119089,
728,36.02841897588322,-28.337066303179135,-0.0037795065746536165,
729,35.87287633765125,-28.387563740948497,-0.0037300024598761216,
730,35.61662757041106,-28.445214802929943,-0.003732469294991336,
731,35.26085023334074,-28.549663623158683,-0.0037257620890352263,
732,34.95567963910136,-28.67622919558344,-0.0036150740374921685,
733,34.63591636930917,-28.528528670804192,-0.0035836672971355345,
734,34.37224559890794,-28.96694550900493,-0.0035169876018387395,
735,34.22945671107637,-29.548176601538017,-0.00356859778558495,
736,34.00406715826807,-29.869280830266536,-0.0035157524884372564,
737,33.88739231236227,-30.52841747756294,-0.0035471590032501734,
738,33.60892127260237,-31.040815206008983,-0.0035895433332626707,
739,33.39691933897335,-31.542519727226,-0.0036138384680780167,
740,32.88596418737269,-32.17935443617919,-0.003955323904931712,
741,32.873071343968824,-32.8484716412955,-0.003841574759532147,
742,33.009827767734556,-33.40541806931642,-0.003945535240016751,
743,33.18789275676392,-34.644659030488896,-0.0039511973566409495,
744,33.258401581861634,-35.43832020630926,-0.003951871898810169,
745,33.50287008919403,-36.48754745062446,-0.004029300662199647,
746,33.114454178921214,-37.27764796029258,-0.004079852199180907,
747,33.1485507754776,-37.999807679858456,-0.004104294579170878,
748,33.46482482597158,-38.655579041643975,-0.004191643682354241,
749,33.43801795784902,-39.565985007746214,-0.004234024980458283,
750,33.73162362912055,-40.56509870991974,-0.004352818384114367,
751,33.896644958831644,-41.82884849105111,-0.004322329716090009,
752,34.070298329928804,-42.42478247357673,-0.004359332919238943,
753,34.32059050044344,-43.27786000237085,-0.0043139308726194234,
754,34.325800579865316,-44.20057891863532,-0.0044189536177102,
755,34.46896287111127,-44.56740897527623,-0.00438946177848236,
756,34.81990632420612,-45.52920900004528,-0.0043279973122260645,
757,34.99841750213885,-46.11587037204389,-0.004341136531417737,
758,35.099840837357874,-47.00915694451611,-0.004463828285764062,
759,35.33759808243236,-47.30958136469361,-0.004511114625797295,
760,35.61828968273223,-47.858601208840575,-0.004609110071300441,
761,35.840489367665676,-48.55184447651978,-0.004727618098198583,
762,35.99148930321791,-49.243105975509486,-0.0047922203808987455,
763,36.2285340150531,-49.803722708721246,-0.004940561129384625,
764,36.38615324984361,-50.201714438326036,-0.005073979734233976,
765,36.558628965932805,-50.88143203833622,-0.0050716172137688365,
766,36.83310778293159,-51.46065199662818,-0.0052830145329707135,
767,36.99315903645794,-51.7722306614929,-0.005356515783988851,
768,37.2888529067785,-52.50181665844586,-0.005308581507368114,
769,37.476288462780204,-53.09856826061978,-0.005424307162215916,
770,37.74083990156471,-53.66540544223951,-0.005486771419466428,
771,37.83241322885891,-54.24766332887688,-0.005540448732567122,
772,38.04434887486458,-55.00947195011682,-0.005621602053946218,
773,38.34535711578467,-55.473013336402445,-0.005546417714911936,
774,38.4844942048903,-56.11500934270682,-0.0055158930222916555,
775,38.49579476783148,-56.71985618439176,-0.005601044771023606,
776,38.61574928265101,-57.226472414929056,-0.005548411790991999,
777,38.8987813317291,-57.746453727045576,-0.005477064926704751,
778,39.3147921280485,-58.320316612345174,-0.0054005503349794075,
779,39.684168506474784,-58.75406220067227,-0.005399764956745947,
780,39.65125134990912,-59.39168853650956,-0.005272028646276423,
781,39.72548967338215,-60.09724786553161,-0.005093246188809483,
782,39.717416320341144,-60.499982457753696,-0.00506773323109933,
783,39.704014075233665,-60.91421792307957,-0.004926168311786242,
784,39.99662840928908,-61.12151323388932,-0.004713929471219367,
785,40.101278887084135,-60.999949255701985,-0.004474780521452627,
786,40.22167940912209,-61.247123827089396,-0.004428043971117121,
787,40.36145812178996,-61.52538856970317,-0.004344919799360483,
788,40.56650225942703,-61.596760046726835,-0.004104143240062918,
789,40.61677719544766,-61.52923196187515,-0.0039440024073061014,
790,40.778518082896205,-61.55878388665966,-0.003749533671046349,
791,40.73584802772508,-61.4302732091697,-0.003734289218632283,
792,41.3731023693572,-61.328492859905715,-0.0034406096134878793,
793,41.346753885635216,-61.353938192765156,-0.00334567238459356,
794,41.11334774027036,-60.848512040751125,-0.003233886802902968,
795,41.110761800841,-60.66756940274121,-0.0031556310999383925,
796,41.2256631856287,-60.234831200694636,-0.0029906147520530474,
797,41.60407780332205,-60.13044707781623,-0.002816398008910507,
798,41.39143200475541,-59.432717281293954,-0.002769209629416652,
799,41.56980543307914,-59.264324365165464,-0.0027675370896434273,
800,41.56590240255884,-58.69169319635349,-0.0027644518742038684,
801,41.64418413948825,-58.3857627762733,-0.002565759793305218,
802,41.63612481708023,-57.982791592747205,-0.0023658319929429636,
803,41.68366901252587,-57.72588091338681,-0.0023209294808438736,
804,41.60620377295799,-57.24793507878803,-0.00224713804973278,
805,41.43926013538282,-56.78354025715407,-0.0022100376460432057,
806,41.07950158132348,-56.30918562485608,-0.0022599162879724504,
807,41.01538193856097,-56.06452528966567,-0.0020184156724908945,
808,40.94698324607342,-55.84697226677562,-0.0019029721811934057,
809,40.949620024484894,-55.36677530332258,-0.0017799548203500564,
810,40.95173203207991,-55.16901642549178,-0.001624004909469818,
811,40.81055356725419,-55.03456918600628,-0.0015193192336541502,
812,40.632024818955735,-54.71669663649575,-0.001383772706256349,
813,40.35880732854693,-54.335092274416475,-0.0014369783369685986,
814,40.43392689522998,-54.35796174193628,-0.001395143621715587,
815,40.04770775188906,-54.00090501480602,-0.0013285390139487143,
816,40.19372017152963,-53.838691323371464,-0.0012613156656648547,
817,40.03102096341374,-53.55036081231049,-0.0012326123426565894,
818,40.11242289835657,-53.26329629893443,-0.0013121111357886645,
819,40.26695362473136,-53.04772797795744,-0.0013940566423201592,
820,40.90099091200541,-53.57767745870556,-0.001415563018139262,
821,40.29091680659781,-52.91909848769481,-0.0016183727457751995,
822,40.23342352397452,-53.33906217882716,-0.0017191832428486364,
823,40.359769517536584,-53.43778241581008,-0.0016280585302799184,
824,40.73020301903811,-53.728458184126545,-0.0016068867063510962,
825,40.949311542776314,-53.97060263161876,-0.0016774824347000666,
826,41.28187953397452,-54.40354742591278,-0.00167476311880009,
827,41.05506929979704,-54.63121816570303,-0.0016027325470613291,
828,41.56561811517108,-55.19516167978115,-0.0016330314599244423,
829,41.967924309844626,-55.674705267121325,-0.0016691252286119515,
830,42.08123853854166,-56.274811332698484,-0.0016550059227329998,
831,42.00515858914654,-56.61395642646933,-0.001685345577989947,
832,42.17044310134843,-57.19835499043347,-0.0017982127312757955,
833,42.29933135354661,-57.74086745947009,-0.001797506012221351,
834,42.44602491477082,-58.06747395108425,-0.0017797898574676708,
835,42.66759222558778,-58.81303275253894,-0.0018805792571838789,
836,42.73354373206,-59.337642743272944,-0.0020633386744871936,
837,42.71034896774554,-59.91922859645495,-0.0020793150122575678,
838,42.47759411637391,-60.58215639517747,-0.002140100364607617,
839,42.604152333313195,-60.99819064454154,-0.002132061947372674,
840,42.587522873683405,-61.62544184709104,-0.002143787721150578,
841,42.58181054015678,-62.164604562681355,-0.002243947476759601,
842,42.44050000437186,-62.61047242725427,-0.002139461294743755,
843,42.3891583434151,-63.19503412609551,-0.002111649190116009,
844,42.026128616241635,-63.49841456349891,-0.0020343555078163192,
845,41.83313016563534,-64.02206628722939,-0.0020620029800087086,
846,41.738276360614336,-64.57835383532553,-0.0020737267355685624,
847,41.48688449380184,-64.94540346615382,-0.002075501078584605,
848,41.34677575246632,-65.3705905713047,-0.002025254003521216,
849,41.069332740476945,-65.83500352976554,-0.002108193015572561,
850,40.934205175596716,-65.95627413429354,-0.00213191325458111,
851,40.820027393300144,-66.35516209672389,-0.002038577438285475,
852,40.53159107396742,-66.68350676397931,-0.002042665040980225,
853,40.306748074229176,-66.99847931289786,-0.002024889969454652,
854,40.07092618430067,-67.28908987001566,-0.002034376696351864,
855,39.88215109122511,-67.59515534722436,-0.001968404294089818,
856,39.55281718580355,-67.6034231551586,-0.0019765784462818826,
857,39.34629011898391,-67.61034350234381,-0.001994032228304848,
858,39.32342528830047,-67.6795586284547,-0.0019309707952269457,
859,39.172830168977576,-67.5690935021943,-0.0018777537723610425,
860,38.96787310700823,-67.35606381560358,-0.0018512549885502034,
861,38.85042111624399,-67.36364790771667,-0.0018149908301322798,
862,38.65061813394746,-67.47700551132101,-0.0018196940967241746,
863,38.57871272531588,-67.05190313141577,-0.0018740138648251428,
864,38.459357524140664,-66.86169043881249,-0.0017869764821438457,
865,38.16991231651052,-66.23688099135302,-0.0017289886345043012,
866,38.25532518550451,-65.99802936230503,-0.0017493924682417063,
867,37.9361627161562,-65.45780142076059,-0.001843339064408777,
868,37.90106723456405,-65.16563691042538,-0.00190761986746736,
869,37.70964052967709,-64.87669987062465,-0.0019500900714168941,
870,37.8468599048979,-64.18492181503737,-0.0019433476431367138,
871,37.98824579989849,-63.67177452769648,-0.0020074075183259678,
872,37.850482981268215,-62.88130168544202,-0.0020707845584399635,
873,37.708753271252235,-62.43228312818453,-0.0021588719142896654,
874,37.602906154027636,-61.58580611613695,-0.0021767981012683854,
875,37.36477991035576,-61.05056813378571,-0.0022108025938139112,
876,37.65129903458663,-61.0017466259295,-0.002177205287809599,
877,37.81141092851779,-60.20696013153092,-0.0022879941792041175,
878,37.79100609291114,-59.76318894467561,-0.002341579801264645,
879,37.95346621236011,-59.14420739812295,-0.002393829236395476,
880,38.21030806275863,-58.51230391337489,-0.0024663921106504298,
881,38.2667803354815,-57.983124179440516,-0.002412473611067762,
882,38.4628903304884,-57.56219672289535,-0.002443077053142013,
883,38.34005586934786,-56.95508291732682,-0.0025325613067568413,
884,38.42446328312422,-56.4501402993842,-0.002527290973107585,
885,38.63575436026803,-55.82916945533599,-0.002459834977052596,
886,38.76519614176781,-55.62152140647668,-0.002498497612608571,
887,38.81192295830121,-54.98517198592267,-0.002526470748674456,
888,38.61441842500799,-54.588774463182084,-0.002549376464035183,
889,38.34727962758132,-54.28213814032238,-0.0025557520626519076,
890,38.289573397243025,-53.5928027454091,-0.00250468001530747,
891,38.778360807049054,-53.40006332654428,-0.0024627971114410748,
892,38.48226439298573,-53.180538792352344,-0.002456839824163287,
893,38.52666873858054,-52.76818124595211,-0.002521649958897018,
894,38.740137814620006,-52.034151441214604,-0.002489828129836602,
895,38.76743082398855,-51.70507076029062,-0.002463574935622137,
896,38.81048045260014,-51.19066457598117,-0.0025054981665402682,
897,38.724747767641844,-50.65149004377901,-0.002513836251517002,
898,38.582103102567984,-50.30305007444478,-0.0024938255666775676,
899,38.60221347240325,-49.88162243313882,-0.002557962420108988,
900,38.59162191568983,-49.6815580938152,-0.0025718151633615915,
901,38.5198083202673,-49.37135245606212,-0.002587564396530376,
902,38.57555588949573,-49.340718783239986,-0.00262839900783971,
903,38.37430534039765,-49.12884134010531,-0.0026596400317166952,
904,38.476758864398306,-48.88406720025742,-0.0026601183176069203,
905,38.58111694142884,-48.55449120322834,-0.002702599283162429,
906,38.74781889460564,-48.40819226383982,-0.0025832320508917222,
907,39.11726931482912,-48.271781696705496,-0.002773202566091556,
908,39.01954760858012,-48.212507758053185,-0.0027287505122056436,
909,39.02469040745126,-48.17475893252543,-0.0027311860758761452,
910,39.364384720715364,-48.0523049601823,-0.0028170414022344195,
911,39.647581873347775,-48.01847692504852,-0.0027114997461989737,
912,39.91983083180668,-47.8149875317221,-0.0026818237265002526,
913,40.10600715810976,-47.946858309459834,-0.002657275908564626,
914,40.33378685653474,-47.95124732860575,-0.0026663591612258552,
915,40.45969965742435,-48.01352736157761,-0.002658035061842316,
916,40.862747720756865,-48.16269039244598,-0.002619311361095339,
917,40.95234516430726,-48.21287767559783,-0.002685526723943114,
918,41.33430929068771,-48.30739348446821,-0.002725541117186563,
919,41.530219801201895,-48.306452798523516,-0.0028058919220079704,
920,41.53355483278887,-48.487669591025636,-0.0027121978060334626,
921,41.5638413807199,-48.719961254811665,-0.002840546754403016,
922,41.658292398222265,-48.863080018505734,-0.002811670097023339,
923,41.739975883146236,-49.00210058107233,-0.0027968375566892905,
924,41.8029781299732,-49.11393455211638,-0.002779962987007095,
925,41.84077355418851,-49.296542549496465,-0.002867121823738127,
926,41.931095572383505,-49.53732586590404,-0.00288912691360783,
927,41.88905312619142,-49.567894043297365,-0.002894269362201839,
928,41.88157974432678,-49.45974375337485,-0.0029595546116998094,
929,41.88718248552128,-49.77096359808376,-0.00305534883734782,
930,41.93561538401223,-49.744800249548454,-0.0029420933960438225,
931,41.898427443672915,-50.02207091433662,-0.003070931161848923,
932,41.84556890293498,-50.015422879808185,-0.0030196387332999987,
933,41.728242995214835,-50.13630242355682,-0.00312197920183858,
934,41.71717583654715,-50.26496649390518,-0.003021439219807152,
935,41.789278646767094,-50.300204091519234,-0.0030469437299713614,
936,41.58518917650018,-50.66790494227722,-0.0031080280461048423,
937,41.62524279053398,-50.49976543569149,-0.0030620817350361282,
938,41.562656499062754,-50.50003000670196,-0.0029990575477407094,
939,41.536639940076284,-50.70903202680532,-0.003138027065408826,
940,41.48944965254872,-50.637659629992505,-0.0031318944364573447,
941,41.46626739477246,-50.561107263956366,-0.003060540984132658,
942,41.35132174651965,-51.00558204677907,-0.003133256296280992,
943,41.4143618700287,-50.96339954585881,-0.003099600081579274,
944,41.72516220913223,-51.305184432406485,-0.003132180316742517,
945,41.72731764007096,-51.498793802028096,-0.0030879207054394044,
946,41.79517296599771,-51.618199948183396,-0.0032522505759931646,
947,41.916485457941874,-51.745652756314094,-0.003318094612994961,
948,41.870623237810406,-51.76968528187705,-0.0034313876116059717,
949,42.01515744548253,-51.831137833509665,-0.0035397911969701056,
950,42.35851147493098,-52.198685110909175,-0.0035456574621761127,
951,42.46570699848206,-52.53650290361373,-0.003642027616226614,
952,42.621921069258,-52.8800362600112,-0.003640822987662522,
953,42.74294990163568,-53.0539815267399,-0.003816321413953128,
954,42.842541236044966,-53.407631295189546,-0.003872775551127824,
955,42.803055327667984,-53.70538644177785,-0.003998611693931661,
956,43.100950534899404,-53.8991422031894,-0.004003304663735584,
957,43.41854086154556,-54.11763899094424,-0.004056936664353279,
958,43.381694272763035,-54.099699789711046,-0.004118521952008104,
959,43.34271258866679,-54.08879160177948,-0.004230062270515522,
960,43.48911916645965,-54.26299036945527,-0.004334191059341587,
961,43.51393626397706,-54.408849522533785,-0.004478279946268803,
962,43.62641296866047,-54.40060108854701,-0.004686299064871564,
963,43.926051347024355,-54.708988602796715,-0.004768735169515866,
964,43.95404361321653,-54.36522352208575,-0.004872942055044673,
965,43.94361698739047,-53.98102493288151,-0.004899923180584695,
966,44.06633870798392,-54.01814796914542,-0.004932690270772455,
967,44.105744383779765,-53.9847398851348,-0.005017503485406218,
968,44.180407017320974,-53.75326208472253,-0.0050343157196165444,
969,44.58888836627843,-53.542236948073175,-0.005149854685009123,
970,44.574514167583146,-53.10521776992751,-0.005164677208408918,
971,44.68547300659543,-52.711737243975634,-0.0051940505678240234,
972,44.746607390660515,-52.17317633930194,-0.005427567673571463,
973,44.74931064126977,-51.8506541197032,-0.005491988656149049,
974,44.76389241045471,-51.2580935978185,-0.005509149560769863,
975,44.485912712847785,-50.912282477234896,-0.005509314191968602,
976,44.367558573193094,-50.61799991132557,-0.0055113505357572085,
977,44.427879483788836,-50.28307907457676,-0.00562171469864524,
978,44.562835556114464,-49.604874978605665,-0.0056517916067553905,
979,44.40819518606646,-49.19957406394422,-0.005736222061160232,
980,44.117155687947935,-48.65224064648963,-0.005872090008502849,
981,44.03101886890549,-48.536285780943516,-0.005881060031451339,
982,43.89072210233785,-48.0552224347909,-0.005921969395011804,
983,43.88195248546706,-47.727804219134676,-0.0059990890892356544,
984,43.52979681236444,-47.44244488442416,-0.00587206327675315,
985,43.25847686974781,-47.20516394444627,-0.005936896592569302,
986,42.99969405958965,-47.04734620408289,-0.005857772842656271,
987,42.84243961910106,-46.832876474708385,-0.0058691383320764075,
988,42.713913549959095,-46.5853700142874,-0.005977025928275706,
989,42.295168408719675,-46.850583047122356,-0.0059183143899402485,
990,42.09577120000514,-46.98074268459623,-0.005870246764146458,
991,41.89515559791069,-47.150145563785074,-0.005896673445784792,
992,41.733657679247045,-47.23740474923795,-0.0059465487254163245,
993,41.57130132701633,-47.331080486217324,-0.005941436584817465,
994,41.30018843980959,-47.469172844822275,-0.005937795523189216,
995,41.09111651494421,-47.61764215590238,-0.005976251622140031,
996,40.73676093262801,-48.03685057482824,-0.005902605326722618,
997,40.430680340826974,-48.49524080175301,-0.005903063229469395,
998,40.40905736794679,-48.6041598485855,-0.00574548875150064,
999,40.38774450937496,-48.927806396277575,-0.00565788845424588,
1000,40.19231146862689,-49.31447076044193,-0.005580453477489251,
1001,40.189300982183035,-49.594224922850636,-0.005580879350923569,
1002,40.05243470444174,-49.68107689940054,-0.0054829331250391645,
1003,40.00212848322722,-49.71226162759777,-0.005444166598694269,
1004,40.0385067701544,-50.1854213245053,-0.005360229791496539,
1005,40.23603029312835,-50.381976721033446,-0.00526277596954568,
1006,40.04626858304274,-50.37954140213169,-0.005253475925501419,
1007,40.120608075024926,-50.130639425431234,-0.00510147316105313,
1008,40.08993687953499,-50.11054030193829,-0.005006454388816904,
1009,40.14936842566561,-50.00154691434498,-0.004985879787604574,
1010,40.39871340352982,-50.17175425186877,-0.004870218638672143,
1011,40.14025074498528,-49.990618798749935,-0.004849335613494143,
1012,40.32544310857724,-49.970372762326,-0.004810555128480193,
1013,40.52686195774166,-49.72096789483488,-0.004597525130683552,
1014,40.64280677567621,-49.40791146396939,-0.0044987443179988484,
1015,40.86234362582183,-49.00764517705265,-0.00446248145858744,
1016,40.95823273858697,-48.76169658095866,-0.00437690089051318,
1017,41.238872306079344,-48.54373593127821,-0.004311185093560731,
1018,41.30370739894516,-48.068775869217504,-0.004208260350521471,
1019,41.57549609477365,-47.74167405991896,-0.004098850111358435,
1020,41.71333300454511,-47.33250384237851,-0.0040409359461464804,
1021,41.795309519649344,-46.97104554589201,-0.003995950823583291,
1022,41.93993129639429,-46.88837090510247,-0.003954519982103412,
1023,42.25644725137694,-46.62971082097176,-0.003909077821175177,
1024,42.39862483311489,-46.1844256868706,-0.0038599422690701285,
1025,42.62569458051568,-45.47288568331724,-0.003849430809288584,
1026,42.61687325007551,-45.40712454624372,-0.0038856686479282632,
1027,42.680126082690556,-45.00650303587711,-0.003830952916683796,
1028,42.672965656048724,-44.93856490965941,-0.0038645323125844335,
1029,42.85921780382581,-44.769122176799826,-0.003592969816978266,
1030,43.048432330757024,-44.5083584506121,-0.0036282298087433806,
1031,43.01465276756861,-44.62206174330757,-0.0034476679657931796,
1032,42.76561951134819,-44.211001322846634,-0.003352854520623364,
1033,42.90597602797897,-44.12155729503051,-0.0033607678397479025,
1034,42.93165853668657,-43.98859323403571,-0.0032560905637415718,
1035,42.89184918779136,-43.9143981592554,-0.0032569342653854154,
1036,42.787674609286135,-43.734029752121714,-0.003351734357211391,
1037,42.734696411651605,-43.51228896298105,-0.0033334564867938663,
1038,42.605994967491576,-43.804497146240756,-0.0032832712298562147,
1039,42.30386703828979,-43.605075753565096,-0.0033663414410697017,
1040,42.30580283667552,-43.47668351641155,-0.003321078326792789,
1041,42.30369923733971,-43.441046351225,-0.003232346157064304,
1042,42.017290431756976,-43.23689778690064,-0.0031167747748827167,
1043,41.79632557106161,-43.34603019044899,-0.0031511636883050785,
1044,41.496248419696755,-43.03893191649582,-0.0030932296547565618,
1045,41.54679464440403,-43.27318026282319,-0.0031370610781042392,
1046,41.35341235265234,-43.126381144441716,-0.0030934557937211415,
1047,41.22779409620296,-43.2040314915922,-0.0030555269865048668,
1048,40.89616337594688,-42.90457412301205,-0.003054331719128247,
1049,40.621314483710094,-42.78126515617196,-0.002989462955592033,
1050,40.36749934878834,-42.44654905734733,-0.0029591530338922414,
1051,40.04618668971991,-42.4044389403324,-0.00287455821157855,
1052,39.795578039381724,-42.389379044033234,-0.0026856685312205363,
1053,39.49415681691198,-42.2721945680417,-0.0025873234485742575,
1054,39.07307983373346,-42.02001191133742,-0.0025282940102421526,
1055,39.098328149509975,-41.92574105269697,-0.0024708892402646927,
1056,38.72725523903859,-41.58260209772073,-0.0024841837822910037,
1057,38.43728872674565,-40.98014827788514,-0.002374830536942084,
1058,37.90478457436976,-40.80114891175048,-0.002368996323667089,
1059,37.3806997193855,-40.29523060578073,-0.0024275147999684634,
1060,36.89965150087436,-40.11166607602052,-0.002353192847881001,
1061,36.254602468918,-39.89728860056337,-0.0023789766722668872,
1062,36.16171793372602,-39.9836376363853,-0.0024037336306804856,
1063,35.45753440140745,-39.288984568070454,-0.0024233068645298085,
1064,35.019180352094345,-38.85894135297462,-0.002460421046768374,
1065,34.17536143352122,-38.751969779232255,-0.002504035334088825,
1066,33.60427843555962,-38.694544887121275,-0.00255003714975314,
1067,32.99801321133802,-38.35814184729249,-0.0026172223754791233,
1068,32.293702938966454,-38.03328416130682,-0.0026327515046754746,
1069,31.410240699404625,-37.47057926180118,-0.0027285806823110314,
1070,30.515003068573712,-37.18489862064675,-0.002809719629279191,
1071,30.127086093675647,-36.98640993921053,-0.0027785423896046543,
1072,29.5691152894949,-36.67693248713469,-0.00278778762988781,
1073,28.97107474504804,-36.39442576280718,-0.002867661799166265,
1074,28.162655352587215,-36.23305904797917,-0.0029263657661421816,
1075,27.559853521276512,-35.74923116368798,-0.0031243096692215133,
1076,26.872387876013484,-35.36608205519362,-0.0032312776534222875,
1077,26.184415759009656,-35.01019182553175,-0.0033274615112668876,
1078,25.857386726486805,-34.63085853466812,-0.003521639992498453,
1079,25.08858003166278,-34.21135943822982,-0.0035821239318025683,
1080,24.54064653184577,-34.12849995782046,-0.00373767287760323,
1081,23.857287755928763,-33.645274906191766,-0.003947004003865879,
1082,23.417485815964756,-33.362704145193696,-0.004048613159967077,
1083,23.01226093432955,-33.15387055571281,-0.004014531913511337,
1084,22.600738176205013,-32.770230099370735,-0.004163199454374322,
1085,22.117887525598135,-32.44488169382363,-0.0042831209544456975,
1086,21.57190622156121,-32.175530873221796,-0.004406028825435659,
1087,21.15913576756903,-32.3494738520097,-0.004388720178851575,
1088,20.771959749110508,-31.785472078209803,-0.004484055415741713,
1089,20.32046458747492,-31.38843938525548,-0.0044443474107370715,
1090,19.533326646074684,-31.40925281498945,-0.004486678599150332,
1091,18.97553174592298,-31.441343587062043,-0.00455978218932736,
1092,18.4769060583263,-31.57031024365749,-0.004527671350653145,
1093,18.12416102950007,-31.761340751578405,-0.00439469471048809,
1094,17.55905196980914,-31.62302898200996,-0.004391736839370021,
1095,17.05983067237846,-31.790326885061273,-0.004416048084087935,
1096,16.533090607882382,-31.970340432902827,-0.004286527960861908,
1097,16.147316735999276,-32.213665244930205,-0.004460932459691739,
1098,15.698431983082624,-32.48593924607239,-0.004449881422936741,
1099,15.30512768531534,-32.93374415915275,-0.004522362819220095,
1100,14.997231466105404,-33.3182022218596,-0.0045169932759524575,
1101,14.217315924387655,-33.80162563294214,-0.004671228581626507,
1102,13.521789762284133,-34.10436716419863,-0.004678556606676842,
1103,12.999733158315914,-34.623544788532286,-0.00467536722500994,
1104,12.439524716081124,-35.35874089400234,-0.004573099125155515,
1105,12.076435336043543,-35.92123143192778,-0.004500639847377521,
1106,11.668123147340385,-36.58275359139863,-0.004654837712950948,
1107,11.272584038764215,-37.14032752396963,-0.004600860020553082,
1108,10.915196183600843,-37.78274256947786,-0.004701462226548995,
1109,10.414458426487913,-38.3778363460363,-0.00483856118840171,
1110,10.223288425514045,-38.9722530755615,-0.004948283392240449,
1111,9.949045443402616,-39.71130760923589,-0.0050326435609074245,
1112,9.859741313299915,-40.568284048016025,-0.0051209626580247455,
1113,9.836669998924007,-41.23987817826427,-0.0054170277479206235,
1114,9.790246741879637,-42.1023502597115,-0.005402084742835475,
1115,9.85944068497999,-42.566261076086796,-0.005590455560075003,
1116,9.824261731664446,-43.177988041666595,-0.005640896451486596,
1117,9.818615691454607,-43.86867738161388,-0.005861038382317143,
1118,9.810526073585494,-44.7185996704395,-0.006009690617090718,
1119,10.145638001419536,-45.59379473343937,-0.006068650130496424,
1120,10.169476326092752,-46.16154477010266,-0.006271101407134018,
1121,10.406949251752161,-46.821282970392204,-0.00636469421056221,
1122,10.572122553319481,-47.50153305439114,-0.006500004522486716,
1123,10.831699069760344,-47.986380428309616,-0.006672712668618456,
1124,10.87504233649735,-48.754751974726545,-0.006958942142802297,
1125,11.18799281764466,-49.339679059351845,-0.007038520061634489,
1126,11.573786685235534,-50.067493837706536,-0.007133975319297101,
1127,11.93313320686386,-50.52180017734731,-0.007325033781118105,
1128,11.991418837921648,-51.15679532073354,-0.007293137764374406,
1129,12.005195476115706,-51.816439932218046,-0.007391590839923919,
1130,12.383741436524188,-52.349371070496126,-0.0074311439539746955,
1131,12.655393762306984,-52.68307949481491,-0.0074863083866877015,
1132,12.863058892360662,-53.42612847018017,-0.00761961765761902,
1133,12.791976388692312,-53.71603623080923,-0.007870920984856988,
1134,12.987612877642322,-54.27236622745764,-0.008017952560598935,
1135,13.010541140878274,-54.73279951020571,-0.008122193303355472,
1136,13.257629704385996,-55.200109435448496,-0.008157575721084791,
1137,13.467153980296173,-55.733134163856285,-0.008268942064551218,
1138,13.38440041981903,-55.988039510091035,-0.008460576001751402,
1139,13.799890643767286,-56.29299726411976,-0.008636998382826706,
1140,13.818396921013758,-56.78302217377115,-0.008668751394093418,
1141,13.868181555144977,-56.82687123042702,-0.008857091943160308,
1142,13.948350072063137,-57.22565042186975,-0.009074140862994292,
1143,14.131756807235282,-57.518319705103245,-0.009192205868001745,
1144,14.445124258858286,-57.39192389449056,-0.009328861740486421,
1145,14.84672690674696,-57.40232107950997,-0.009313159575653608,
1146,14.870747827605786,-57.67444704514164,-0.009394689156655018,
1147,14.840776520446658,-57.84303915238284,-0.009541608941078384,
1148,14.98301878716944,-57.56990830993867,-0.009570542769649077,
1149,15.072676132827503,-57.4912030153435,-0.00965133828356957,
1150,15.182569614272733,-57.55874148499648,-0.009701521552731332,
1151,15.36547104536317,-57.40742469581679,-0.009674937720674515,
1152,15.368125445494067,-57.21588099474836,-0.009679928892933792,
1153,15.351970116299446,-57.24575666715371,-0.009649248816037206,
1154,15.457257421213992,-57.05368741269355,-0.009652576134621933,
1155,15.61022248866573,-56.7565196605155,-0.009721547207811907,
1156,15.926864683160636,-56.29335887291266,-0.00967241763014316,
1157,16.14710958634731,-56.000392992289115,-0.009661090380312223,
1158,16.2186587870884,-55.821408454472866,-0.009664185678315534,
1159,16.127728558947947,-55.65151109900491,-0.009676662126897776,
1160,16.23049352744645,-55.22683080736665,-0.009636292565226452,
1161,16.44582294692162,-54.871029650189776,-0.009575377418964325,
1162,16.755335101470834,-54.62788838903601,-0.009658104722352338,
1163,17.028838233553646,-54.462081834060555,-0.00970416369058987,
1164,17.025587718800207,-54.058140872069146,-0.009734095573528287,
1165,17.005194561517186,-53.624131163868796,-0.009597992310257274,
1166,17.150155065115303,-53.88371110742326,-0.009530549808982299,
1167,17.467501481319623,-53.4738800953153,-0.009429879692543523,
1168,17.90753205933528,-53.507240972220806,-0.009419885070858593,
1169,17.87436208884359,-53.23986420591772,-0.009419610760113996,
1170,17.9265483843238,-53.09506212614234,-0.009316794567618294,
1171,18.00769289498561,-52.60257487386043,-0.009243548633500487,
1172,18.279676600806575,-52.34804526684333,-0.009221595903502255,
1173,18.479194815419618,-52.183182956653646,-0.009114830262098032,
1174,18.57028238303814,-52.01253726918448,-0.009087670570871927,
1175,18.700785872853555,-51.86871405978969,-0.008987531939388498,
1176,18.744425600827505,-51.690946293362714,-0.008856662692316957,
1177,18.87337089806527,-51.34100442451007,-0.008710138408799192,
1178,19.166420843356384,-51.036633596558445,-0.008481696234051336,
1179,19.055896898205468,-50.74239752766574,-0.008301234459057354,
1180,19.324700265702496,-50.35413720711595,-0.008113693970753682,
1181,19.46186392755681,-49.819961333817886,-0.007911081625400974,
1182,19.58344600149157,-49.42335919230887,-0.007746775555035501,
1183,19.572560881303154,-48.98438632691199,-0.00752356320142487,
1184,19.79023582914062,-48.62636920340625,-0.0073066925705266225,
1185,19.98543298166175,-47.62016223988142,-0.007140968649455803,
1186,20.060962365702082,-47.00870354331812,-0.006843064554143623,
1187,20.23090053181446,-46.28771429248998,-0.006867127191587963,
1188,19.927914269393728,-45.823176092216904,-0.00666747154516481,
1189,19.74638358380876,-45.07924248519562,-0.006506251136233401,
1190,20.03882414812191,-44.48712234329247,-0.006251218465367415,
1191,20.0526427152994,-43.94519043979632,-0.006166538909425475,
1192,19.951828763050486,-43.02920342316589,-0.006081795242978902,
1193,19.60704719663164,-42.62435219149485,-0.005999307844229844,
1194,19.428310841938107,-42.024662514906275,-0.005864811839845901,
1195,19.391062065471893,-41.53572902623271,-0.005749489310535055,
1196,19.089259567181134,-40.89734867408217,-0.005653791333386446,
1197,18.570615318848635,-40.280598784458945,-0.005450505937600263,
1198,18.413494501833956,-39.916952155842914,-0.005281435725513177,
1199,17.990302579414212,-39.51687983759104,-0.005104508441516949,
1200,17.60549343807909,-39.22763274875657,-0.004950027935305884,
1201,17.218678315793227,-38.83123219761244,-0.004902869608246141,
1202,16.69003681010892,-38.74024405174916,-0.004739072463468472,
1203,16.34331871999745,-38.42105454987609,-0.004583496896767568,
1204,15.977385927960785,-38.44100791616437,-0.004464595787744178,
1205,15.628249862934526,-38.349619091219616,-0.004433885081758499,
1206,15.156298479640862,-38.28310043661646,-0.004313113654247325,
1207,14.732188761558637,-38.17885721166729,-0.004190199346220468,
1208,14.64030831126391,-38.21525529218401,-0.004192279538184818,
1209,14.455163808330047,-38.18476969018627,-0.004257214704374067,
1210,14.08447135063862,-38.16937922000278,-0.00426669431332142,
1211,13.809714404432409,-38.67366415238897,-0.004254789903061253,
1212,13.356737149029215,-38.67517839277251,-0.004388954468351283,
1213,13.507615089406238,-38.913749380585244,-0.004349451053620976,
1214,13.602919360142133,-39.43102736643167,-0.004406202580671947,
1215,13.65407951801854,-39.51294032036327,-0.00450114292945582,
1216,13.569895120435993,-39.92656501443857,-0.004552068734966999,
1217,13.435652252377436,-40.314735450772886,-0.004664173096601193,
1218,13.657039772186453,-40.76286725306754,-0.00473050642475849,
1219,13.740604449601149,-41.16252721651099,-0.004797264935434788,
1220,13.950021027548031,-41.200528194692396,-0.0050179311722720835,
1221,14.30770444938749,-42.0298042033076,-0.005119665326693691,
1222,14.683900799422938,-42.38044465613884,-0.005256386894734299,
1223,15.06659136395346,-42.88541383277255,-0.005489895609643284,
1224,15.277680497227763,-43.587964251527524,-0.005667046717847062,
1225,15.467344575062999,-44.257954320553615,-0.005939123543218771,
1226,15.97749182020259,-44.58217473907915,-0.0060157331953933565,
1227,16.13400084017011,-45.16610764929847,-0.00610567355263957,
1228,16.547044562970353,-45.787994651348804,-0.006316084060476987,
1229,16.980086027478386,-46.446107506899736,-0.006527756747406814,
1230,17.248206058376077,-46.86490201981934,-0.006673960118313422,
1231,17.93534119815078,-47.22291636772774,-0.0068228756128838235,
1232,18.417939989080978,-47.805886187828946,-0.006894141746702826,
1233,18.88674249026057,-48.575322028000585,-0.0070741007208606245,
1234,19.371485768026727,-48.80450233994127,-0.007172065828910241,
1235,19.820779817200968,-49.88842903602763,-0.00716012202641196,
1236,19.99346613961427,-50.814219033250126,-0.0072525251563567115,
1237,20.496125542046517,-51.418777410221914,-0.007350813858779315,
1238,21.060609755379197,-52.218185652663216,-0.007446450019796253,
1239,21.280522716801833,-52.67208905842176,-0.007562051489227163,
1240,21.650166385631955,-53.42395007321989,-0.007725340239430266,
1241,21.781388960680818,-54.433950187641834,-0.007754662308702609,
1242,21.995024709106588,-55.19980710013133,-0.007769990388753131,
1243,22.421904042010713,-56.22565305527845,-0.00782103203883229,
1244,22.54921022829321,-57.204304212701786,-0.007909155418896717,
1245,22.80294150397787,-57.962721596287324,-0.008010699270929147,
1246,23.01088025407589,-58.856093092091406,-0.007939168694502383,
1247,23.071322799158246,-59.661760527726436,-0.00802201295898107,
1248,23.2277244082418,-60.64126015441041,-0.008039573322029222,
1249,23.293454205845954,-61.24384877456617,-0.008189658862311155,
1250,23.619957888155405,-62.18897656297732,-0.00829100393793827,
1251,24.056670041661768,-62.976233449199796,-0.008206024259154017,
1252,23.880345120564368,-63.714694279097785,-0.008376037604614606,
1253,23.830188471289567,-64.28062994921589,-0.00840053293815229,
1254,23.940993562491606,-65.20452146241027,-0.008368767160186804,
1255,24.102962381146913,-65.90072053651359,-0.00830898696833301,
1256,24.10342401795315,-66.45008421878633,-0.008297959528337008,
1257,23.923765446999234,-67.20014711092747,-0.008265221030283602,
1258,24.10890114852929,-67.62129667900312,-0.008250276482901046,
1259,23.910800706558877,-68.17688298689403,-0.008199064957903991,
1260,23.923211153504493,-68.66583793333028,-0.008173587033457715,
1261,23.957791546526895,-69.04526470596676,-0.008168771695484422,
1262,23.899895671649016,-69.36516727722477,-0.008150538842942678,
1263,23.853233013929096,-69.73336644655276,-0.008052964986990775,
1264,23.85004073655166,-69.89217774479486,-0.008090085544980702,
1265,23.830303394051636,-70.05357627096657,-0.008121978467788107,
1266,23.866416534297052,-70.17109445365674,-0.007903357913019729,
1267,23.8288010847645,-70.2159830412063,-0.008057843364294269,
1268,23.71399396800789,-70.16281193188765,-0.008003862892816644,
1269,23.70522334409794,-70.09423602064409,-0.007958462815279736,
1270,23.745863579126688,-70.03434809257108,-0.007936269622582225,
1271,23.66196718204321,-69.96586723564334,-0.007884083577753916,
1272,23.611441089378356,-70.14427220316003,-0.007869954885386244,
1273,23.624947608774598,-70.10366396329083,-0.007763709733560466,
1274,23.574087506868636,-69.6977632483627,-0.007785689693283767,
1275,23.453179912222367,-69.31194160424081,-0.00770440033814721,
1276,23.436180503362394,-69.03145317013067,-0.007580501241040091,
1277,23.320654227008696,-68.70320885268765,-0.007550704715017235,
1278,23.136101835108377,-68.554978563909,-0.0073908800830369695,
1279,23.119489443233615,-68.17767114524004,-0.007283711345117957,
1280,22.94247988626873,-67.86303078235518,-0.007169093476152765,
1281,22.675611422763893,-67.52171096824128,-0.007094938986757354,
1282,22.681729725964352,-66.94859395686248,-0.006990633666082203,
1283,22.286806287938756,-66.55030516840887,-0.006889909961708408,
1284,22.07148291970105,-66.25276478747023,-0.006714637870290925,
1285,21.89482536629284,-65.95101451770498,-0.0065852334384279105,
1286,21.62775249219065,-65.63758341800944,-0.00643649492201501,
1287,21.32898140077995,-65.28682934682507,-0.006344058225581437,
1288,21.19746351916504,-64.92375048318351,-0.006234501069782632,
1289,21.04906341142247,-64.56890950208452,-0.006094495036581048,
1290,20.551381959994195,-64.18476391688606,-0.0060204753255556,
1291,20.416165590805754,-63.67234482140312,-0.006012848799328377,
1292,20.100009112612664,-63.43539162711756,-0.0060148725393240135,
1293,19.774473118862904,-62.92173531795257,-0.005857893892469786,
1294,19.681177965276195,-62.44481841701629,-0.005759228202660136,
1295,19.178375643081942,-62.20087761503392,-0.005668509571596954,
1296,19.046953187523997,-61.54532585679058,-0.005525209261533933,
1297,18.839981418509456,-61.206713625597025,-0.005568020885033208,
1298,18.566085931596124,-60.73657752301033,-0.005366051318620643,
1299,18.32372616354152,-60.178075984596404,-0.005233704795428773,
1300,18.083466165736013,-59.66354446018751,-0.005107445176563948,
1301,17.902069404946317,-59.14033359112228,-0.00510595775734244,
1302,17.605550645707975,-58.874889697243034,-0.005088917945152761,
1303,17.470992411113794,-58.05612189601251,-0.005050402262044258,
1304,17.358961647641156,-57.71813263563569,-0.004883351619351593,
1305,17.178041216293455,-56.961607090072484,-0.004964708214315026,
1306,16.98105158161497,-56.39014870645653,-0.004933872840570974,
1307,16.645145223512063,-55.891113333098524,-0.0049215164800221365,
1308,16.51543722428072,-55.459149530843895,-0.004943833937782661,
1309,16.29102338755471,-54.80593481060882,-0.004990002183272806,
1310,16.101232210441253,-54.53102389179366,-0.005013688487934282,
1311,15.940413996326386,-54.281912131254714,-0.005038839921025119,
1312,15.745710265567528,-54.01416049801551,-0.005073403930702984,
1313,15.516480217051457,-53.71199065152214,-0.005133068557637718,
1314,15.334202990014742,-53.26379817465655,-0.005204233823131591,
1315,15.234802386969347,-52.78896455979699,-0.00523132957039752,
1316,14.88281506653913,-52.77326902801618,-0.005383301964350588,
1317,14.824368927950088,-52.657357433162325,-0.005532838989848829,
1318,14.469470999080803,-52.68450022859525,-0.005642831354839076,
1319,14.174626488340422,-52.662302078197136,-0.005770200230261717,
1320,13.849217538924734,-52.760892583191726,-0.005940224436364385,
1321,13.612948788961464,-52.737368255224375,-0.005970693084544318,
