k,dx,dy,da,
1,-0.45414306187527953,0.2878877007791082,0.00010180440999006668,
2,-0.8482306849163825,0.7836761182448683,0.00021252189815307299,
3,-1.1125833104452474,0.581471253930711,0.00022853824998629992,
4,-1.351413269230247,1.0200765510996135,0.0002590010994593418,
5,-1.8437207323692504,1.1800314759160124,0.00032895848920261545,
6,-2.1183775147804087,1.432232038107963,0.0003693981389768352,
7,-2.4447937409854625,1.5780663020066297,0.0002889801668931743,
8,-2.7653568248010414,1.893260910937244,0.0002586401326257026,
9,-3.2252662908613843,2.470232536779245,0.0003134935881563411,
10,-3.4275623394347106,2.4409360626669336,0.00026427898641879577,
11,-3.65470385318498,2.5799111336158074,0.0002907166558591916,
12,-3.9772329148396084,2.752956586513828,0.000298178327098426,
13,-4.3279852896186375,2.7056016531007137,0.0004344538474517482,
14,-4.790515960253206,2.919107773270267,0.00039732194304175196,
15,-5.0353317100871315,3.1094796323684974,0.0004256421873896983,
16,-5.530693991996962,2.947343455450466,0.00032865522836063223,
17,-5.758524986757875,3.1907546691718247,0.00023070246144627068,
18,-6.265823082001052,3.0863519943264057,0.0001587374959047302,
19,-6.909893918786045,3.2762020722755416,8.990832695256667e-07,
20,-7.07634589211502,2.87625697333754,2.616079440054969e-05,
21,-7.575492900621963,2.690963604933809,-6.497938258115529e-05,
22,-7.894568435657069,2.4256106863683895,-0.00010945404691045728,
23,-8.323189670527727,2.3368011395016595,-8.411027292669262e-05,
24,-8.72936563010169,2.0717669543382966,-0.0001346856201365716,
25,-9.255777010876468,1.8508165989427319,-0.0001449285519564879,
26,-9.607132564969099,1.750805025363972,-0.0003084623852691072,
27,-10.24177459250178,1.2870313104905549,-0.000283694551429392,
28,-10.478586724054065,1.1254085108982332,-0.0004624396108881139,
29,-10.902647182830648,0.8163451925812852,-0.0006152968515370331,
30,-11.380664770530878,0.5130634567150985,-0.0006078613926216895,
31,-11.935140420456019,0.7235172993614727,-0.0007152884189013597,
32,-11.954396485553538,0.07385020867393344,-0.0006730960584744399,
33,-12.319194726472414,-0.008948563714802127,-0.0005941883741870022,
34,-12.636571002612836,-0.24172264918334552,-0.0005746744043832711,
35,-13.029761192088138,-0.1453910259565072,-0.0005225556483225289,
36,-13.043348188232283,-0.48578143271673113,-0.0004733535536400346,
37,-13.258611452609397,-0.38260826643124624,-0.00047227363012724156,
38,-13.20747764216972,-0.49053212514807853,-0.000598099676255349,
39,-13.339178297273747,-0.5807288491828606,-0.0006199904103677252,
40,-13.461478581279724,-0.7045369939001116,-0.000647401778498778,
41,-13.444801561586115,-0.6634189154921204,-0.0006080616860892184,
42,-13.706012349662927,-0.7722840491735075,-0.0005886126571036556,
43,-13.615334351986974,-0.7979791161056555,-0.000621640175285895,
44,-13.498173350693804,-0.8956281694114567,-0.0006483086030623146,
45,-13.41834794504161,-1.0430840615826447,-0.0006257134798006243,
46,-13.417883000618275,-1.2168188856438147,-0.0005039664737950502,
47,-13.367831724218206,-1.3644647046751017,-0.0005232406248138738,
48,-13.155434618862692,-1.499536318281931,-0.00039665524534790734,
49,-13.030969316295007,-1.5550229716094677,-0.00031828263282958585,
50,-13.049272030650656,-1.955677765061955,-0.00020172798889556647,
51,-12.908178318766659,-2.1829989881466307,-0.00016391509551539685,
52,-12.750176791173025,-2.49607684428943,-0.00012358972493693775,
53,-12.800071606063455,-2.9187135787559138,-1.5622276113600565e-05,
54,-12.45587374238417,-3.1268107659710873,0.00010735650414052611,
55,-12.282004261023715,-3.5745490710255523,0.00022180510631920813,
56,-12.140654722585118,-3.6017020581412957,0.0001728666239767045,
57,-12.408376548697177,-4.283171852474803,0.0002735138030574228,
58,-12.185832192725776,-4.80246477076232,0.0002770764702720116,
59,-12.207095295324308,-5.091144663344485,0.00030292687981175515,
60,-12.32637859923468,-5.599965103068812,0.0004202030818165196,
61,-11.971444452998043,-6.368344823807941,0.00047802320828761556,
62,-12.075570239068895,-6.9378463597431566,0.0005832751029441539,
63,-11.915938361377215,-7.712588680635624,0.0006941687847334187,
64,-11.753112705806252,-8.796268252271007,0.0009917478011156986,
65,-11.770495054135502,-9.513604791093519,0.0011274974601837334,
66,-11.934081505978028,-10.381004678499915,0.001133702839335501,
67,-12.084052734071768,-11.247538207396508,0.0013672633304690227,
68,-12.139566640977968,-12.046858364743994,0.0015144570588684451,
69,-11.99450462765244,-13.003360940716767,0.0016771949697466158,
70,-12.172996058034904,-14.078941707495407,0.001792506978388462,
71,-12.09819134471617,-15.009179171138705,0.0018972890887085812,
72,-12.299870198997425,-15.954977708520403,0.002055056892784562,
73,-12.392253809986435,-17.177962728092993,0.002127580235210002,
74,-12.312959238188363,-18.20163512873801,0.0022042953060990326,
75,-12.34248513036232,-19.05872705245707,0.0022486419754434352,
76,-12.531184572022909,-19.899084538819118,0.0024633333821574488,
77,-12.518645464139546,-20.660104790353017,0.0024918054036634765,
78,-12.793600052651456,-21.422975192258047,0.0024301303651330843,
79,-12.574325080955411,-22.38583905380542,0.0024469773941052514,
80,-12.665640629296988,-23.047783666097594,0.0023822438418633803,
81,-12.822548481061283,-23.96932053732717,0.0020675181940504926,
82,-12.71812732939997,-24.653090667397393,0.0019562870847615803,
83,-13.04390007658921,-25.35954748029959,0.001999035800976077,
84,-13.479110404437094,-25.90541499939947,0.0020279280169421448,
85,-13.740148627845372,-25.916919664228054,0.0018465757638579695,
86,-13.79390693075247,-26.33039489838165,0.0018718625945236154,
87,-14.104842889035062,-26.642525853712364,0.0017800521233285907,
88,-14.080713702980304,-26.993090544311855,0.001690774081727559,
89,-14.686117431455436,-26.774120722720717,0.0014498803003441174,
90,-14.787015991994146,-27.011025722092867,0.001303398145196082,
91,-14.782498056694045,-26.705003713820282,0.001184721427026233,
92,-14.779186560999896,-26.14235851155386,0.0010042115275703959,
93,-14.777323856490007,-25.95544592416548,0.0008318464605944023,
94,-14.53846695249716,-25.547000198154706,0.0005865430665279031,
95,-14.586215687742637,-24.90906029510439,0.0003383329461374477,
96,-14.143645138710184,-24.26020714994209,7.167991633048139e-05,
97,-14.026703140170483,-23.487464406761838,-0.00017414981600645313,
98,-13.806426609865824,-22.92681857244969,-0.0004431447915994478,
99,-13.168405600003524,-22.24683538015109,-0.000549630568141977,
100,-12.691647774693706,-21.389097781365308,-0.0007240891623450298,
101,-12.086370871636475,-20.639657045804157,-0.0009996323063465903,
102,-11.45597569489631,-19.695071469963878,-0.001342502205493081,
103,-10.677808406529053,-18.48267709304873,-0.0017550832276170673,
104,-9.792920288815594,-17.803376754561725,-0.002158404015573236,
105,-9.09615453849554,-16.90623158020759,-0.0023307701489979887,
106,-8.019055096492352,-16.169712768764406,-0.002441968598016934,
107,-7.064397568030081,-15.178027439755134,-0.002543966577361518,
108,-6.106238167246161,-14.51836499519505,-0.0026726441646855335,
109,-5.167655517508017,-13.57238629343312,-0.002557319814154204,
110,-3.922791511425743,-12.678155600652076,-0.002616579035977047,
111,-3.0573349386440114,-11.633106613938956,-0.002707690649271436,
112,-2.142708147638565,-10.74276382137785,-0.0026891324817177207,
113,-1.1737329329397426,-9.88449746007872,-0.0027103013392065557,
114,-0.32000206130060604,-8.701296509219603,-0.0026246735332339875,
115,0.6806627104104734,-7.791566022266771,-0.002685593541476832,
116,1.2094257903358994,-6.672435605777785,-0.002858797149919389,
117,1.606608800298055,-5.869191185867706,-0.0029432838381425993,
118,2.1127951297369236,-4.747667097946113,-0.0027940348805510135,
119,2.6386568351973665,-4.010745317696333,-0.0026948768387248046,
120,2.8183187702170116,-2.6863362518877523,-0.002632825695761949,
121,3.046583572438095,-1.906906301773219,-0.002609108410670211,
122,3.464524540414857,-0.7453144412254247,-0.0027413176010474016,
123,3.5817964295618054,0.6532209567439224,-0.00266269871090335,
124,3.4179797220959642,1.6561050492302272,-0.002620854216150808,
125,3.521297265241685,2.4384213936812813,-0.002610117506579965,
126,3.5004852592918,3.656370574715055,-0.0027848031877035534,
127,3.5612064718143372,4.191641627389771,-0.0028811577727720257,
128,3.0654984412923056,5.08194819899105,-0.0029753811962806073,
129,2.9318725767751204,6.375188436930216,-0.002957934807224002,
130,2.70008046797836,7.432607008157085,-0.003031785021690574,
131,2.736724574397819,8.449538049496823,-0.002980112918818209,
132,2.702095631524905,9.163606579900126,-0.003091287541133774,
133,2.604185244231921,10.003157900115418,-0.0031312984714836527,
134,2.5009485796618236,10.868310904651707,-0.0030635457589323093,
135,2.8323967502460903,11.529100076394755,-0.003150392238950306,
136,2.6256095937381048,12.30607453027001,-0.0033622793398717845,
137,2.464834564828962,12.861582130204297,-0.0033119610764062316,
138,2.5960594200600156,13.654531379182714,-0.0034029275784171016,
139,2.486420383162624,13.83087416112491,-0.0034649819611362242,
140,2.708441558980155,14.458135385811648,-0.003565494114831885,
141,2.9838563745977353,14.733163236964941,-0.003311334008722495,
142,3.299146993913979,15.255813145666156,-0.003316989232606829,
143,3.378993537799552,15.185151094698167,-0.003353856029883814,
144,3.719476316727679,15.129919241492313,-0.0033161089813127445,
145,4.105428532678616,15.514873863062586,-0.0034759605641383664,
146,4.508294239556712,15.064596811848745,-0.0035214455904997296,
147,4.921517646124556,14.877969541060196,-0.003539181295320204,
148,5.174501528204836,14.901252790587709,-0.003709822080405086,
149,5.5465408848891755,14.573785735534646,-0.0035700879367312243,
150,6.0195321336838745,14.188547574683191,-0.0034012640559062998,
151,6.565775493742905,13.712471896557435,-0.0032287247841687764,
152,6.891011184597389,13.325686234450139,-0.00312479584913118,
153,7.382440180585057,12.871666292131344,-0.0030201380558959948,
154,7.811515417672254,12.545238589207624,-0.0029370481432860612,
155,7.943573076320732,11.947215381786464,-0.002725669920432796,
156,8.638899849611995,11.698575280128772,-0.002531791849799186,
157,8.977251498804776,11.166609649292074,-0.0024010103816221587,
158,9.282013711985869,10.882093476060948,-0.002283684321308207,
159,9.465705471327965,10.382775681867301,-0.0019419751724245333,
160,9.635542935451404,10.044054581586405,-0.0018490182766798622,
161,10.095360823708141,9.888562088982063,-0.0014243113299047955,
162,10.133145298932384,9.541560337850042,-0.0013635620636937825,
163,10.081898809935737,9.622068668668698,-0.0011424807899602712,
164,10.246694804605532,9.563641163453994,-0.0009092970830084793,
165,9.982019379860397,9.581244087647852,-0.00074723816970789,
166,9.678800919502947,9.69556243964705,-0.00047616682501030756,
167,9.496179546965557,9.80240550436758,-0.00021010979593363757,
168,8.955112955615476,9.928024789444509,0.00010542001722406696,
169,8.469795772214475,10.115757145405636,0.0004790377902328582,
170,8.12126980839222,10.567720960985048,0.0008221538355887457,
171,7.674405508254267,10.717901970168679,0.001108756566055029,
172,7.131833870159319,10.797335080509477,0.0014168239826947938,
173,6.48736574737277,10.834543503859544,0.0017705571171408034,
174,5.8094023093818095,11.111974703865824,0.002036994087440896,
175,5.413756229913211,11.26265058575339,0.002256363168257874,
176,4.85545710875212,11.378184148289357,0.002519491002149471,
177,4.0560240184638445,11.60424531547769,0.0029045663211071456,
178,3.424820845744854,11.58749795322392,0.0030365232444685953,
179,2.914570800092825,11.989546902212041,0.003271116452195376,
180,2.4940572458736767,11.984591829090842,0.003476200601375605,
181,1.9155414493875185,12.058489909213474,0.0036461106115721342,
182,1.4051334061226086,12.019461347291617,0.003954180899788148,
183,0.9625363328867564,11.974627583215263,0.004018323114495567,
184,0.5153876164246753,11.729695428444087,0.004080437289934746,
185,0.24085377835914556,11.957691127592982,0.0042292400656009374,
186,-0.04888312204973033,11.825151050567225,0.004172416495771443,
187,-0.4238648958088689,11.67401513941831,0.00417851255193148,
188,-0.7827396798273227,11.70020227821947,0.0041575110543391365,
189,-0.8637640124114938,11.275981232923664,0.004280359402121715,
190,-1.188750606090771,11.152107748070952,0.004270753269625113,
191,-1.190905386504177,11.084785973400392,0.00436755432137301,
192,-1.5512733916731776,10.891745558850067,0.004373360145986084,
193,-1.6383074246343412,10.997771700588284,0.004540432118174174,
194,-1.597184259225756,10.920972210737641,0.004608310681803334,
195,-1.7143889096610394,10.472592283445849,0.004775881675351484,
196,-1.7814432391366353,10.343929564637888,0.004654567139178717,
197,-2.0756574952646716,9.766294012513015,0.0047779734080349015,
198,-2.1062134886685726,9.77525608181267,0.004807293909782368,
199,-2.1056696292933808,9.581252181494884,0.00476209797288199,
200,-1.801713273514281,9.452924724179198,0.004642042242787848,
201,-1.7124554378078969,9.251060222709812,0.004589889179851811,
202,-1.6772333447763117,9.084675184789706,0.004461187904629346,
203,-1.7364853537643583,8.855848899168466,0.004368508780808572,
204,-1.5059170796232166,8.56820797089366,0.004298670364893777,
205,-1.3276642949551487,8.27758737809511,0.0042337263396204725,
206,-1.1270484092332325,7.958703010555281,0.004124756301507546,
207,-1.0299612143468622,7.65017359448661,0.004033970799413049,
208,-0.6206662361090451,7.274443881402823,0.0038560897488914324,
209,-0.2995524572555581,6.9847304988460905,0.0035992446870051617,
210,0.2882478621288982,6.573849238920397,0.003526771181602403,
211,0.5584158502875098,6.22527186795722,0.0034349584072978865,
212,0.8747234234066283,5.891528566410807,0.0031585065299791016,
213,1.383837645559204,5.572753947017453,0.0030740536242197716,
214,1.8521623986432658,5.033109679054222,0.0030450110303572057,
215,2.068939217320896,4.878028841401361,0.0029317328639021922,
216,2.6043207566338467,4.53042397788292,0.0027422689212925648,
217,2.9501844743447307,4.229126905139914,0.002531048858856689,
218,3.267566804300742,3.94820396585983,0.002538369257855496,
219,3.616532751658916,3.6258849093019982,0.0022498177766288353,
220,4.146916046764304,3.2985150890818455,0.002252220439340178,
221,4.731958366656592,3.05072788772226,0.0021542392886365024,
222,4.835215896873478,2.783937444159594,0.0019920036737243107,
223,5.166879512185467,2.738303222894013,0.0018122061371890668,
224,5.574088817373124,2.6563524190697367,0.0017482211773617636,
225,6.188275616192897,2.7523444870520164,0.0015873652106671906,
226,6.385552670610039,2.831558995924247,0.0013014730150583643,
227,6.522650497848602,2.5548118863648255,0.0011993654815831683,
228,6.713820614766561,2.574721452278481,0.0012182608721649241,
229,6.858336404367179,2.3981852047682453,0.001024977494872379,
230,6.970404052536299,2.299695023332583,0.0010231284640074426,
231,7.078995141500414,2.2401508403629165,0.0009029878967668067,
232,7.431301107923684,2.3119629789541603,0.0009754062026210075,
233,7.188613015771246,2.1853838035649042,0.0009489035473260223,
234,7.10871251316652,2.3230868730078678,0.000840645463343938,
235,7.173761288080566,2.5021695538871027,0.0008438847971770037,
236,7.085285511335744,2.702245487899593,0.0007795176325935196,
237,6.927478060377123,2.7323956338084736,0.0007358794930837865,
238,6.735593673134716,2.970505458424415,0.0007772345905589896,
239,6.55826762008023,2.6264029526847477,0.0008994361769525255,
240,6.43117095986528,2.9064674647448756,0.001036099397783317,
241,6.328232478645045,3.2084982471443064,0.0009616393236829444,
242,6.082926026825387,3.429157510294398,0.0008312388200751837,
243,5.63100844926187,3.6992515992767228,0.0006489752322139638,
244,5.357783081743161,3.898196514758345,0.0005170344630889088,
245,5.357232452724535,4.20478468637911,0.0004512542388598311,
246,4.916691185793201,4.425987579707824,0.000440852809433589,
247,4.584610253769931,4.653495806759124,0.0004604648411276908,
248,4.392950120975076,4.9420550298835515,0.0006716919591596938,
249,4.186117367089867,5.494504296805783,0.0008034535423476893,
250,3.8827005765896843,5.972434976212677,0.0008470053854236154,
251,3.66312526921984,6.683834065598637,0.0010250672039832124,
252,3.396902983636682,7.263943943513009,0.0012010846500460168,
253,3.0264770754327373,7.764601281551116,0.0012478376078800223,
254,2.6540040780947756,8.091787701177285,0.0015517748701173884,
255,2.4816767353535525,8.656553803298413,0.001546876971993994,
256,2.180782659314943,9.2000126253919,0.001714760752523213,
257,1.9840763632563778,9.863003298300324,0.0017314399378888347,
258,1.6628941258797418,10.307383610712705,0.0018227282557605699,
259,1.4159082821906175,10.878883114750696,0.0018893630180154709,
260,1.1055093168287513,11.448536034520114,0.0020067647428607966,
261,0.7056850431094972,12.267930324948725,0.002133194657670333,
262,0.5190448388659838,12.648054019989413,0.0021791313024773383,
263,0.3603577710847361,13.265398319386385,0.0022577728802633144,
264,0.0764365483232794,13.783343646487712,0.0023066471906820207,
265,-0.14714547845940018,14.13998928581832,0.002380904323035069,
266,-0.4378156220583378,14.46484267649879,0.0025671523519900964,
267,-0.6346069658216464,15.129313324706843,0.0025778283487190422,
268,-0.8169080803554181,15.51288535152332,0.0029229306424889585,
269,-1.1184063882023096,16.047514256145035,0.0029729792823387606,
270,-1.4120604169849287,16.259634728358467,0.003077655878870253,
271,-1.7345002181812745,16.778259428757856,0.0029849158260286095,
272,-1.9351385083831119,17.225068637315054,0.0029501763889090444,
273,-2.2641197161614883,17.517561127278782,0.002892479267111933,
274,-2.5253825462702792,17.646579037587742,0.002757897961573809,
275,-2.669986726037429,17.79317417950167,0.002817975715739548,
276,-2.9487536174344413,18.085085438018098,0.002650133208970191,
277,-3.1089593271615854,17.926311035832754,0.0026611141742612417,
278,-3.3647956511293273,18.394913363055714,0.002604536542169437,
279,-3.534880697573115,18.325565567223258,0.002528228774865129,
280,-3.7820216166645224,18.233792426255846,0.0024702545701809527,
281,-3.946345336078558,18.099642974459734,0.002528033714418478,
282,-4.2860592157110915,17.870697763665262,0.0025410380487509328,
283,-4.235678056221822,17.435824730709285,0.0024637748315861595,
284,-4.4993400084651824,17.07297720491499,0.0023342481740461166,
285,-4.73164037629919,16.70585237930802,0.0022753363662666934,
286,-4.863212506217636,16.418623018789475,0.00218067522254271,
287,-4.9391597497001385,15.910528083016374,0.0020424324616886685,
288,-5.126281372898717,15.489343680935427,0.0018768108130641,
289,-5.322931278276151,15.036717336399498,0.0017395470552145093,
290,-5.31919267557641,14.475421976445269,0.0016010327886233477,
291,-5.337892817958732,13.903434117430223,0.0013838160182277556,
292,-5.301119255123879,13.245560294546472,0.0011650099531964313,
293,-5.26199881972677,12.663264007551561,0.0011561868905372915,
294,-5.449776742933288,11.928454394830638,0.0010260274549253757,
295,-5.4300125055089055,11.361078694625995,0.0009253178476935995,
296,-5.370931747114589,10.916332786568894,0.000805267345734488,
297,-5.2907021012604005,10.370016777213998,0.0006883102980749112,
298,-5.15423040232227,9.709998092942278,0.000541179075862883,
299,-4.995627298634318,8.848434536572334,0.00041402422290584377,
300,-4.960113679570071,8.252175305629379,0.00034189612531198947,
301,-4.975811053425332,7.768709965523641,0.00027939264845205057,
302,-4.888159074624895,6.811727629432262,0.00012901745266605431,
303,-4.845590436273838,5.985612114403658,3.52716490649857e-05,
304,-4.806348546997725,5.234559630454946,2.5612163827098966e-05,
305,-4.75145605557357,4.577752973676134,8.4085175557096e-05,
306,-4.806787574909222,4.042924817248036,7.91812344376492e-05,
307,-4.830904632168597,3.3108830262295825,-3.2844699359529245e-05,
308,-4.619468292129014,2.534350091297867,-3.458077035221711e-05,
309,-4.7169493707717365,1.7127809363478903,-0.0001697257711512322,
310,-4.703261162881702,1.1192693835967589,-0.00014570400222667541,
311,-4.908120920459666,0.4239528339614367,-0.0001402467297158018,
312,-5.252467200526361,-0.06964699614623271,-0.00021096735485551417,
313,-5.4780172683472586,-0.5732568490804155,-0.0002660526670900439,
314,-5.516424557161464,-1.342359399510407,-0.00023806641852013727,
315,-5.741641316623671,-2.044483712333708,-0.00031389578476324724,
316,-6.090333821249118,-2.5235375705863916,-0.0005874598823216674,
317,-6.258557775403453,-2.923270394780218,-0.0005016209790875328,
318,-6.5787759119195215,-3.36673679340241,-0.0006616771278072286,
319,-6.936664660176945,-3.7989339429854283,-0.000680693280526317,
320,-7.177668592917847,-4.2650138717389545,-0.000727500699413808,
321,-7.32711843065924,-4.75430230723801,-0.0007100097841347972,
322,-7.882772366428789,-4.980855766669304,-0.0007848635457057022,
323,-8.030588856938337,-5.732310425585332,-0.00079329943388118,
324,-8.339057514870468,-5.956860864907448,-0.0008323560212037838,
325,-8.606729732829024,-6.503519606388952,-0.0007196707372575115,
326,-9.033934154827932,-6.577453210255868,-0.0007986928783743916,
327,-9.363425204966596,-6.7687204799723375,-0.0009277464929217539,
328,-9.601202360645374,-6.473011840576191,-0.0009683515526426566,
329,-9.800876369103406,-6.736251060608211,-0.000864864215042286,
330,-9.761922170665919,-6.694564478460929,-0.0009530051423526469,
331,-9.806662772682465,-6.647230162203723,-0.0010167166324949583,
332,-9.750663244178483,-6.671148555878926,-0.0009267127202477084,
333,-9.901868917756687,-6.137789859958097,-0.000977465045116331,
334,-9.87060542521317,-5.890920015410103,-0.0008718355446245794,
335,-9.759088843179086,-5.646758012439353,-0.0007720254647728799,
336,-9.403682960937097,-5.292444263299391,-0.0007150648055309818,
337,-9.094659125774328,-4.830549788894839,-0.0007133280913314841,
338,-8.832829006058283,-4.277986602314083,-0.0008357685105807588,
339,-8.441941027225198,-4.242262407948694,-0.0007169354769540797,
340,-8.013267440922391,-3.60984505322196,-0.0006693547810338197,
341,-7.5570727155466315,-2.8794467877926664,-0.0006046368783312684,
342,-7.44174366085106,-2.1368289826980558,-0.000511503136528136,
343,-6.823126680618515,-1.6115721437549944,-0.00048514584386835993,
344,-6.298538899384674,-0.9983584298753669,-0.0003726716893308422,
345,-5.984065124146163,-0.3189168684640755,-0.0002523664979039112,
346,-5.4531477487209585,0.06670026723161726,-4.8420122120289115e-05,
347,-4.957733824789557,0.7751323604875182,-1.0163971714119424e-05,
348,-4.247827463916863,1.407914251309215,6.427322255100031e-06,
349,-4.136629273282843,1.928197487267802,4.0168245023104385e-05,
350,-3.7238455179287016,2.31962750057901,6.586359010196576e-05,
351,-3.1332357188650946,2.958832252699345,4.5104339210997636e-05,
352,-2.5752433744448595,3.567276447548956,-6.47589449582573e-05,
353,-2.126027409742484,3.924568439889754,-0.00013072122538830035,
354,-1.9227915561936157,4.463770179915329,-8.093373959755252e-05,
355,-1.702646959322415,4.814965321426548,-0.00016065556874003423,
356,-1.097235824146665,5.226382893757389,-4.206361278310741e-06,
357,-0.6200771319906835,4.867290869649771,-7.002218355854975e-06,
358,-0.04672427709510174,5.140944627771141,-4.765541374128664e-05,
359,0.47576701062868665,5.514280533007934,-0.00013292414114212097,
360,0.7439385775368379,5.7435416567670785,-0.0002608597404880437,
361,1.3200095652870942,5.997676053465533,-0.0005010559587547408,
362,1.7741429611647064,6.242095874092236,-0.0007395055858843346,
363,2.2519139149714604,6.048247210660939,-0.0006570956247119609,
364,2.6648641713910024,5.7890203845060455,-0.0006019177820873909,
365,3.11316181271134,5.65121339410441,-0.0006313836044630977,
366,3.8270982281680688,5.534107690788758,-0.00046219919241789406,
367,3.700398314549247,5.338226493541043,-0.00034489082915472626,
368,4.310858880995376,4.744820093909048,-0.00016496414226860844,
369,4.810983916783606,4.8295261172198,-4.6556103842397036e-05,
370,5.131730317395991,4.549356005112308,-0.00015166598164877403,
371,5.735931895728882,4.636484482922711,-8.750541058055554e-05,
372,6.005185582251478,4.685418022970211,-0.00015460919310748226,
373,6.484670855352384,4.202226480893195,-4.3968490480539996e-05,
374,6.699157891107745,3.9740186524287964,0.00016484722699551448,
375,6.644071351549641,3.6250892218518516,0.00023750092023593593,
376,7.266955670071404,2.9934520602469874,0.0004993976632554666,
377,7.353921311998398,2.8304426950357,0.0007302991676817697,
378,7.70752465381625,2.101508383162731,0.0009931633209887287,
379,7.723975415026068,1.9690822043323521,0.0012086604932548678,
380,7.900325504334802,1.7379383633616712,0.0013618497353332162,
381,7.864301292833481,1.635151985459359,0.0013253640930186335,
382,7.880969618231639,1.3347355751587813,0.0013479286202024744,
383,7.911257124613336,0.8242326396709032,0.0014622463026026985,
384,7.767282897517234,0.2928952323928655,0.0015185362311227156,
385,7.7494942890226,0.08457966011458495,0.0015307923343549391,
386,7.450131953286956,-0.3266537124724138,0.0015757091675891507,
387,7.3760730240176855,-0.7741357706932419,0.0017273068247160225,
388,7.069517601613839,-1.089969947607777,0.0017974570077033923,
389,6.776930710776149,-1.5152637194577423,0.0018768932417015625,
390,6.456269439934609,-1.9866947198578302,0.0019108982392183945,
391,6.246077310053529,-2.4523799607906653,0.001943475815936773,
392,5.938387145183654,-2.7976510021123815,0.0018652581411825186,
393,5.714312557155559,-3.295462876926159,0.0018868985988755253,
394,5.178099225181299,-3.619352540929505,0.0019499233592197626,
395,4.708540247891406,-3.8835593948051113,0.0019193703103709114,
396,4.516000621213749,-4.112608064316419,0.0019499835534451046,
397,4.288143216782927,-4.450728177502878,0.0019652584474165492,
398,4.145574714482279,-4.67067492564874,0.0019501456650358791,
399,3.988267257371298,-4.8816879784741225,0.0019329730012020811,
400,3.6899668774217815,-5.0462203141734285,0.001877517799907625,
401,3.382497447179823,-5.113533573144906,0.001791035815777213,
402,3.360280946772029,-5.040544723736261,0.0016439080353831195,
403,3.11548553190206,-4.953107419253456,0.0014109499045652663,
404,2.7207322839977905,-4.988579870612522,0.0012335013120662822,
405,2.5863684840347787,-4.653696840825461,0.0010465401704654216,
406,2.4547991337027355,-4.380785069877749,0.000847661574656277,
407,2.269455186334092,-4.1984034566460195,0.0008250028385179912,
408,2.25954763293511,-3.6802977958485386,0.0007737247769088133,
409,2.11090155949114,-3.4674590196124484,0.0007414936532714397,
410,1.9918908706842942,-3.095849975577142,0.0006858099208828239,
411,1.8932024448740563,-2.656408680726077,0.0006341988364473063,
412,1.8002472389643316,-2.1034248676786405,0.00046328588849167684,
413,2.007487579893102,-1.1099558147859376,0.00021055480882350118,
414,1.8113678636840689,-1.1515123331413228,-5.351397138937501e-05,
415,1.6354206386847707,0.022776831460227243,-0.00014503489226631687,
416,1.7527503609918682,0.46766442586964985,-0.0001871911671909969,
417,1.6790773156522292,1.1418698283229034,-0.0002623177475959849,
418,1.5635516782900822,1.5076293386346578,-0.0003090165704439547,
419,1.7432234212154682,2.172696665877929,-0.00034796097003114874,
420,1.7754745497976714,2.43427350070791,-0.0003107597956600646,
421,1.9086823395449457,3.082608933906677,-0.00020292307045405127,
422,1.7630813822889948,3.579496325988849,-0.0002844521855334351,
423,1.893250696849492,4.103296323671842,-0.0003047597406513544,
424,1.9667364045091489,4.7947986282217485,-0.0004695037430911368,
425,1.949585833370456,4.957125171381172,-0.0004658008816493097,
426,1.8519023485404702,5.58417334162602,-0.0005521713879790991,
427,2.0278118637098075,6.210072905287767,-0.0005250518286898636,
428,1.9050872787844924,6.628395871921825,-0.0004693754072374323,
429,1.8645728232548606,6.735863824653094,-0.0005236650693220476,
430,1.8149476377872986,6.98351596775715,-0.0005725513431994386,
431,1.9658167422893484,7.069800355038076,-0.0005290167025963025,
432,1.7676393426872679,7.066668307938791,-0.0006052624947669605,
433,1.7158803898612973,7.310251550553282,-0.000656168146261996,
434,1.6601803080535902,7.5682914552843386,-0.0006678417106099153,
435,1.653395882889889,7.737853968000415,-0.0007256484322036381,
436,1.5623959092610278,7.666035990390945,-0.0008653733017110303,
437,1.5120601042863058,7.577075478067044,-0.0008597838346594954,
438,1.310651824272604,7.5427649187680785,-0.0008595590367041616,
439,1.1716286457257468,7.524043563012441,-0.000771371276504923,
440,1.258751262791023,7.361474271887886,-0.000736079766949331,
441,1.2536363886138915,7.426780636012317,-0.0007967509842881481,
442,1.166000880066619,7.101162810176575,-0.0008050644380311958,
443,1.01077994112795,7.195593887215807,-0.0008270516234838883,
444,0.867551706924182,7.062701339605745,-0.0008434968947863431,
445,0.7420528634776815,6.8887855134662175,-0.0009399626941985397,
446,0.7208285371493091,6.607650036034535,-0.00099842289599434,
447,0.46147381907236706,6.607873433774948,-0.0011223500182642714,
448,0.4198426973107843,6.619565746510396,-0.0012267461060213114,
449,0.29297090319285246,6.552539237217971,-0.0012516121340056478,
450,0.3084241774660157,6.356931814565684,-0.001248832241284325,
451,0.35120126021175224,6.148257978869353,-0.001214674788893558,
452,0.29833489044797545,6.325862936921084,-0.0013117355292028314,
453,0.48492957440409157,6.262813633956085,-0.0011878966572062884,
454,0.2330238600561927,6.324213846866883,-0.001276439458864788,
455,0.09215456247255105,6.2946285308342524,-0.0013224058642663334,
456,0.26213517136066145,6.4331872549344595,-0.0013708693132190829,
457,0.3527482028879234,6.5612230339825,-0.0014361462444324718,
458,0.3046380155251782,6.445065281619968,-0.0014756418717531052,
459,0.1678934388746285,6.321918877118904,-0.0015682672071533031,
460,0.13229356999094222,6.215628418061492,-0.0015890545776398798,
461,0.16201228749477536,6.268688664400955,-0.001403662656844296,
462,0.1662514470395493,6.24731346830913,-0.0013029323341373729,
463,0.21976149917837517,6.18044560373567,-0.0012033166921019932,
464,0.22571833947996822,6.289067319976844,-0.001071975320819052,
465,0.42916112236248694,6.044321278350381,-0.0009784903914981926,
466,0.3357469350953295,6.102072179597371,-0.0009868690118167165,
467,0.2546341775107095,5.91903277865174,-0.0008636364296061485,
468,0.2891506094628298,5.861600832860859,-0.0008462769748889569,
469,0.5886669813476288,6.176048906243757,-0.0008556286502669052,
470,0.5469590209293216,6.110798278477645,-0.0010067054378011323,
471,0.6874316918448784,6.0028552660877,-0.001030819040002292,
472,0.5610561080233509,5.8995536388821606,-0.0008859292388949209,
473,0.38503184671365887,5.8420881824441935,-0.0007361701580485113,
474,0.07632001130479438,5.7755018221387004,-0.000522309695298563,
475,0.17953052716698892,6.045563753093923,-0.0005600827938814657,
476,0.3293516333659454,5.9079788195823255,-0.0004238965655832677,
477,0.4390982529151657,5.677170004362004,-0.0003689729862196211,
478,0.013153924162210728,5.598994033224557,-0.0003655497214406743,
479,-0.34552029086102465,5.654447272176384,-0.0003762668093427431,
480,-0.23385971415065399,5.731117566577552,-0.0003148255385048374,
481,-0.10373073573860836,5.657767662298788,-0.0002734903447434711,
482,-0.11678596591023904,6.001994051157112,-0.00030777862700614913,
483,-0.11938490690834413,6.0641382645405955,-5.337146207300483e-05,
484,-0.14991399182082432,6.034703429744589,7.292523693613884e-05,
485,-0.21503211644023423,5.88230968802246,0.0001709225436963887,
486,-0.41289603735764757,6.00177186254848,0.00017164336418701558,
487,-0.449142557540668,6.081659873555552,0.00016244324713644148,
488,-0.39949304925908535,6.389405811704442,0.00016390369453399365,
489,-0.46289043961991183,6.582106953855643,0.00015236403256119278,
490,-0.16561618482515428,6.689932573703558,0.00019611955817592976,
491,-0.37275867283290864,6.966701437961255,0.0001174166541457666,
492,-0.28060517948541275,6.946069419367603,3.062427018219165e-05,
493,-0.03174660465057855,7.249303832161331,0.00010735219329350253,
494,0.06056496706517578,7.225809177688461,0.00012162068459194934,
495,0.22157698204760834,7.341603614004086,0.0002918944580799915,
496,0.2305880780471199,7.404163080237673,0.0003318598054976793,
497,0.771664465807909,7.139082500270874,0.0005029986459130723,
498,0.779784390178321,7.4658776170711505,0.00044966134533071505,
499,0.8993231248322502,7.381038854118863,0.0003756428388083698,
500,0.88356734698597,7.554609377567559,0.0004219092663887581,
501,0.9149491784944317,8.051418072676654,0.0003656811008003486,
502,1.0554020841425569,7.97455552250176,0.00034541138338586765,
503,1.0470335390082326,8.142175874894363,0.000343976726239063,
504,1.1433183445529167,8.481130624810731,0.0004399299243851764,
505,1.2414620371675085,8.438127916361921,0.00047491115625575807,
506,1.160376755147695,8.409282608917522,0.0003712984629244999,
507,1.1111931176037686,9.104082533493226,0.0004756200706090754,
508,0.9945668837264137,9.077106448706772,0.00046497113701714395,
509,0.7666539682154436,9.2494478219988,0.00043117031947047767,
510,0.7015660532872303,9.717971496641312,0.0003195104133729733,
511,0.45629301870759775,9.766210906460728,0.00021129742742377784,
512,0.13549532653360785,9.926912456825306,0.0002288247345594843,
513,-0.03267543746895285,10.285543390549165,0.000281380882972429,
514,-0.2051206694682577,10.28397884294749,0.0002235108694022634,
515,-0.5047204296123695,10.430632832949414,0.00040254393481788803,
516,-0.9579243926570342,10.308017732455482,0.0005568615718974414,
517,-1.315492846677536,10.214625795500567,0.000601060296370845,
518,-1.623758966300251,10.260439872056082,0.0006449518306688457,
519,-2.000326593892339,10.0655060711088,0.0005007109887374874,
520,-2.3091926839333894,10.244294003055046,0.00042727660751653435,
521,-2.741041796359177,10.376960920532213,0.00023534338893722688,
522,-3.012277663088966,10.259901618212254,4.4886449811256876e-05,
523,-3.47018873797888,10.066702618215231,-7.724453852983159e-05,
524,-4.068368501412877,9.84414656873038,1.2966617270997877e-06,
525,-4.339697784243349,9.292063349791945,0.00015339507228756544,
526,-4.715198639767735,9.05205828296154,0.00031772231563688413,
527,-5.015268574909236,8.620544789493621,0.00019966220228428457,
528,-5.3876106584769445,8.25239177133281,1.9971998592601542e-05,
529,-5.658710794163497,7.926696243299446,-0.00013789096125522374,
530,-5.922525102796712,7.928375231032788,-0.0004029844005128229,
531,-6.05680819619171,7.428720801009561,-0.0005176684211273151,
532,-5.984146307806981,6.989462402431911,-0.0005466267035466859,
533,-5.945442519253888,6.292539004864125,-0.0004840934987722879,
534,-5.785303306617912,5.795233264632856,-0.0003189073551128135,
535,-5.65624406400849,5.272984096105034,-0.00016014748605348763,
536,-5.57374055933353,4.7641743254844044,-0.00013178883638560387,
537,-5.496193641458213,4.261751917929857,-7.397624169805557e-05,
538,-5.1978459159270685,3.7574350788643613,-7.76513679219314e-05,
539,-4.919595452524177,3.311965155054992,-4.61494772664604e-05,
540,-4.453132484147432,2.8069392627070044,-3.7513569478232235e-05,
541,-3.978863995975395,2.3330675209893883,-3.7821602703849017e-05,
542,-3.793738354735659,1.861190223574269,-4.944468883833278e-05,
543,-3.51574767715028,1.0739633849302521,-7.598026416921755e-07,
544,-3.1254697995082097,0.6720372840865849,3.891890936512984e-05,
545,-2.6403828610832676,0.3246746648342764,7.652336739030763e-05,
546,-2.0825332063808304,-0.03444273260434727,0.00019487741955964005,
547,-1.7044552628617922,-0.41075354989433777,0.00021353626250806938,
548,-1.418472390812255,-0.9110754364252074,0.00022430953534694278,
549,-1.212194051335267,-1.3433538547041621,0.0003554403618106841,
550,-0.9270614647839537,-1.5460735955726363,0.00041313178685041876,
551,-0.668058572190283,-2.0061124875051064,0.0004362416004634259,
552,-0.3860067329847823,-2.3066572606746973,0.0004502051624267339,
553,-0.14388333626556005,-2.5740026786683785,0.00041056136499085204,
554,-0.2585963501604738,-3.0276844312734,0.0005153736963761455,
555,-0.14432624474688538,-3.270099350702779,0.0005131262311180319,
556,-0.13228145772511368,-3.4738369330008965,0.0005740724973916124,
557,0.0488914893814254,-3.759644703023028,0.0006220049856417807,
558,0.20967301376381897,-3.9383969790317224,0.0006926011926005442,
559,0.030857445130806127,-4.010079123550582,0.0007196170626334146,
560,0.13117722530051878,-4.057857562844006,0.0007360318767860759,
561,0.19546972049962363,-4.113967029277063,0.0007847741493884047,
562,-0.06268004949989603,-4.256922696097632,0.0007185857207807761,
563,-0.34143159123341604,-4.113286629761902,0.0007047436749097642,
564,-0.38083882447023854,-4.017899999507847,0.0005515176218124779,
565,-0.48175167379499584,-3.924287417928525,0.000551240260491085,
566,-0.6260373961553256,-3.535831802732446,0.0005561349224133972,
567,-0.7909333115493666,-3.299458246771394,0.0006497528834249339,
568,-1.0054527750249491,-3.0777117284773254,0.0007481961617322105,
569,-1.1181548560714916,-2.7458774066596305,0.0006923748818657999,
570,-1.0904121957835073,-2.3637287657898867,0.0008016381908097833,
571,-1.306098078821556,-1.7957686868852818,0.0007361929048596352,
572,-1.3493004281452627,-1.2539181815131712,0.0005443265217838326,
573,-1.3895156215808342,-0.7550355649513989,0.0005229595734770505,
574,-1.4272043031825064,-0.05462620206481006,0.00047754041117856715,
575,-1.534326259719471,0.3969168199204347,0.0004106024818453097,
576,-1.5812516164838044,0.93694803726342,0.00036658281984529827,
577,-1.591940146898672,1.5742118616565506,0.0002962554725353707,
578,-1.5568817344584076,1.9620381143078873,0.0003796330723066805,
579,-1.4249847259846007,2.4624186588125525,0.00046455840034345837,
580,-1.3985333257349382,2.6287276892444424,0.0005748682576114262,
581,-1.2515351451422347,2.885557674726897,0.0005052929067151449,
582,-1.0848845480855118,3.2526122046978827,0.00033869142357142654,
583,-1.0265277656350662,3.6215515734432557,0.0003630783607802921,
584,-0.7412754677400244,3.7436692818471897,0.0002628123567465536,
585,-0.42006354769167586,3.8461700069669007,0.00027286997779452267,
586,-0.32893792472422234,3.8595097541809764,0.0002539299216346557,
587,-0.2938557588828843,3.8055004638599144,8.89811373173538e-05,
588,-0.09176100476302906,3.6862705548029027,-1.1707638089945155e-05,
589,0.19458502164885516,3.6478978512125195,-5.4001587119205385e-05,
590,0.553630527012217,3.3695033222298605,-0.000308948788388972,
591,0.6532282787146002,2.897877452440383,-0.0004844251961896688,
592,0.9158128309799523,2.3488908521762397,-0.0005491091049184028,
593,0.6806707478331333,1.9404629359647885,-0.0007283153704152889,
594,0.8845480191692374,1.4066545536949349,-0.0007800349963707227,
595,1.1710722927451798,1.0289314451979692,-0.0008018777908262303,
596,1.4366748540461884,0.5270212811741288,-0.0010032145932857128,
597,1.6514320687063062,-0.48533601882751043,-0.0010171814550952929,
598,1.5593233218646319,-1.04949498546614,-0.0009971961236964208,
599,1.7724554887899373,-1.8332978233713106,-0.0009897357129431067,
600,1.9621459765632778,-2.782105644016738,-0.0011386030297576314,
601,2.198045794885701,-3.5960051177178087,-0.001190286434771464,
602,2.5142741977883176,-4.066430198207954,-0.0013299887129085107,
603,2.778443981635192,-4.422948665539124,-0.001526586684166024,
604,3.1314704567328207,-4.8898995602312,-0.0016861145555121925,
605,3.223363358595684,-5.452215265431988,-0.0016759170666107324,
606,3.67296205864551,-6.04839845339896,-0.0016604378000636471,
607,3.849775169376514,-6.685177318991407,-0.0015152210946787039,
608,4.145453770753193,-7.222657958865192,-0.0013681631825848547,
609,4.4944827639016935,-7.645811529956198,-0.001339136466947226,
610,4.583898401902985,-8.369241684853215,-0.001254364547072508,
611,5.00994056259875,-8.70269756273462,-0.001237407740330006,
612,5.227081801445152,-9.03327733744316,-0.0013214657690126357,
613,5.4536368383249325,-9.357096567559779,-0.0014577385630967481,
614,5.750539169554649,-9.38135604578774,-0.0015187318049968684,
615,6.02414600780871,-9.759211627708979,-0.001590345719558667,
616,6.349781809623487,-9.999767995919711,-0.0015693652614628077,
617,6.431926090221971,-10.110418014080807,-0.0014461492633306922,
618,6.641774924232479,-10.476726492828703,-0.0014215803028219528,
619,6.966419756597247,-10.57167777319922,-0.0012643038376799068,
620,7.172238422250196,-10.94127401830655,-0.0011129342206150595,
621,7.52821416562405,-11.399004707515516,-0.0009688006618901162,
622,7.556498921610036,-11.967986399960118,-0.0009186991557334255,
623,7.68997690350993,-12.10740668162385,-0.0008450899178011452,
624,7.739029053501319,-12.311295426101836,-0.000768866390820017,
625,7.790802656707861,-12.33564353450162,-0.0007092079623518379,
626,7.799684477663014,-12.338599640028633,-0.0006890024701817054,
627,7.53287022344437,-12.563222402343413,-0.0005563749524608525,
628,7.655180323086295,-13.038836989013603,-0.000356092553047937,
629,7.506990327719677,-13.106560229696981,-0.0003164378146213835,
630,7.223819313879627,-13.029012941583723,-0.00021340863510016603,
631,7.039323952390763,-13.152380036306596,-0.00017197209234712327,
632,6.770778571100021,-12.950935515750338,-0.0002178703594093662,
633,6.470366961778641,-13.013806030742096,-0.00016630945871493052,
634,6.061014324460345,-12.908486894505806,-0.00017833744565088055,
635,5.575889623904466,-12.974083601534481,-0.00016683056812031704,
636,5.264603449524749,-12.839593890687532,-0.0002246006578805644,
637,4.919714667184817,-12.89878716326347,-5.594356685279314e-05,
638,4.654207948459877,-12.672791329355796,-4.556623055985195e-05,
639,4.3347440158408865,-12.442743381740748,-2.213371669866019e-05,
640,4.050866951549448,-11.993275525899996,-3.539154365878299e-05,
641,3.8266440857869917,-11.562644582211291,3.800453812785858e-05,
642,3.4874188613519905,-11.225575080181912,0.00012513603986916144,
643,3.2969234262442413,-10.930242166365232,0.00027956532988587975,
644,3.2500461025568974,-10.835000986280598,0.00038136285596292,
645,3.0597293103908854,-10.391342192528754,0.0005474656352231948,
646,3.0326467564692017,-10.182122198375055,0.0005096105443974297,
647,2.789249982309663,-9.404183718629888,0.00040281850069722857,
648,2.6761047066626134,-8.988861663425851,0.00021854856029119175,
649,2.584453803117377,-8.39748286704539,0.00012948510825908088,
650,2.3275166217793526,-8.05289945864044,0.0001664492325286421,
651,2.034414341457193,-7.289081521277453,0.0002581428462416031,
652,2.0419732166774125,-6.9325820055493494,0.0003668715617096852,
653,1.9944148712443024,-6.393041689252456,0.000423744163971629,
654,2.162562522557021,-5.912339973291516,0.0004980873999004135,
655,1.8986556819635751,-5.311694164859745,0.0005096202117138909,
656,1.7859994342565173,-5.167967632055827,0.0003717282512932995,
657,1.6681350299508608,-5.034151887146713,0.0003437500301650565,
658,1.52279677973889,-4.3668481211640895,0.0003135711849868352,
659,1.518917482899937,-3.9891680288369216,0.000247066788925482,
660,1.3947841817370232,-3.504066036480161,0.00017871428389001475,
661,1.2083020510185065,-3.09629999587699,0.00014210520778209796,
662,1.0064810596279017,-2.4508791718680314,6.940253884994002e-05,
663,0.8759898286348005,-2.2496080741002586,0.00011507437701779519,
664,0.9476885423412114,-2.0081177209725,0.0001500503883456062,
665,0.8088571636065325,-1.9590188742946353,0.00031804854961928804,
666,0.8731358337885311,-1.9291576523890512,0.0005324764788113816,
667,0.7199377728325373,-1.8713336319387253,0.0006757893448692959,
668,0.7504874264943595,-1.7379290777475802,0.000765486722675241,
669,0.7697521736675057,-1.3677063662487683,0.0007643056405745507,
670,0.8771967234484279,-1.1282574938285848,0.0007986638678375135,
671,0.9710791081238241,-0.9584193686707252,0.0007326667967474014,
672,0.8358502813539417,-0.7465322427472074,0.0006619680110178695,
673,0.8102491863527064,-0.7137267505272504,0.0005580687781001478,
674,0.7649945844926833,-0.4878059179193528,0.0004296453404884779,
675,0.9785719685633723,-0.5919841708231104,0.00045435461541390443,
676,0.8035177845397925,-0.40498353112693763,0.0003809909764302408,
677,0.8950446523108582,-0.29711680666756735,0.00027967143929798037,
678,0.7187306242487068,-0.14109756674088203,0.0002461862929756826,
679,0.5442391533063358,-0.29533128713227086,0.0002668283505166567,
680,0.5089862117478319,-0.2059347955441524,0.0001730484092506276,
681,0.31819874188949626,-0.11575488654685984,0.00011972613659822981,
682,0.018618189980848854,0.008707546616065542,8.40396268507156e-05,
683,-0.08845695641171147,-0.45618751673179503,8.858261715947655e-05,
684,-0.27778011047421813,-0.20129493083091887,-4.1147411850558056e-05,
685,-0.44069745340823374,-0.5255513544564323,-7.869303274480027e-05,
686,-0.7691688536609931,-0.6421587501885995,3.303374257784819e-05,
687,-0.8353383388059967,-0.7786191194985008,9.753376772356215e-05,
688,-1.1982769454367954,-1.0104156007088463,5.415881293569912e-05,
689,-1.52879504586965,-1.182403599979132,6.348601034542045e-05,
690,-1.7950658698045032,-1.0241713699316932,-6.645319390784221e-05,
691,-2.1598070750976675,-1.1618095344338997,-0.00019874732971530626,
692,-2.267518009082494,-1.2224526473057935,-0.0002852584426828609,
693,-2.561302660803662,-1.4110251858980476,-0.0002966061823579868,
694,-2.810788830950237,-1.5438973461973262,-0.00034759865184811733,
695,-3.034287540078388,-1.7535812812474134,-0.00028440143857397585,
696,-3.2015372184812065,-2.0491299686245625,-0.00031311854889906187,
697,-3.4881981937566806,-2.335996132654529,-0.00037588660016425746,
698,-3.693327816706578,-2.4822023870520766,-0.0004027130821297577,
699,-3.8280302381326834,-2.6496180918917176,-0.0003950211494397086,
700,-4.027776120574167,-2.77738734693105,-0.0005049732250144,
701,-4.209157428206147,-2.681422926906066,-0.0006040885911522019,
702,-4.17048200164426,-2.904328284820174,-0.0005507697286541713,
703,-4.267136825524993,-3.272991745797043,-0.0007181583983942212,
704,-4.168405558876124,-3.420553555912001,-0.0008715888609011121,
705,-4.232695778562693,-3.429814399621563,-0.0008465889093742501,
706,-4.174372101241936,-3.7608215831911807,-0.0008704638611795219,
707,-4.180996175615952,-4.161510546176842,-0.0008154690152108821,
708,-3.8817031903262986,-4.45332748168525,-0.0009334430868489854,
709,-3.8200900976667924,-4.726648232624527,-0.000953694003398088,
710,-3.6098248700411375,-5.409108625445157,-0.0010712921215849155,
711,-3.3809458932807246,-5.192123901997462,-0.0012434614281603132,
712,-3.14658329730176,-5.607279548827009,-0.0012830085560922326,
713,-2.9231642004328293,-5.836981462555215,-0.001396339842485942,
714,-2.6661891822643184,-6.201541426746466,-0.0015831350420135821,
715,-2.465500779470169,-6.326787955246459,-0.0016264125419874122,
716,-1.9849867437931223,-6.623453914625593,-0.0017043971482130103,
717,-1.6629659560597148,-6.700599023333929,-0.0018459803410155549,
718,-1.548555649291309,-6.827740813227415,-0.0019552828198714928,
719,-1.0605321329478414,-7.103001932458831,-0.0019380217063365889,
720,-0.8749851573895526,-7.382457433757498,-0.0018415399944484556,
721,-0.8045763335443894,-7.273580768682439,-0.0018786348677632273,
722,-0.4482925539911733,-7.375236577902548,-0.0018324690139776556,
723,-0.19867244887553426,-7.484347123144538,-0.0017093136011175607,
724,0.1062107426014478,-7.3936452218758255,-0.0016585510044365825,
725,0.6546758018604564,-7.565825055907055,-0.0016760785606072946,
726,0.8367559868056347,-7.440803136260676,-0.0015963289580076742,
727,1.054911521587222,-7.41923571190544,-0.0016158846904822028,
728,1.3128591002886552,-7.0285266533638335,-0.0015522159791658014,
729,1.4041202748975792,-6.672563517352284,-0.0015316040769295081,
730,1.5876876151358132,-6.32534260063451,-0.0014621988974250935,
731,1.8583895737881662,-5.948570172007333,-0.0014046043332007394,
732,2.0688488643166068,-5.567144675266171,-0.0014489598656893844,
733,2.284051282058016,-5.46467735336573,-0.0014155628529978368,
734,2.436195563201437,-4.806232591581008,-0.0014173568388598842,
735,2.4660884854568366,-4.040049716821358,-0.0013059604024362329,
736,2.573657298519038,-3.5561456528877606,-0.001299323523727098,
737,2.5725609957431956,-2.77019320969292,-0.0012124134430961096,
738,2.7262265850636425,-2.1589604897917987,-0.0011188105624313468,
739,2.8096045562903242,-1.5847080559771243,-0.0010466026064423328,
740,3.1752006685843384,-0.9063808848657331,-0.0006742503454981565,
741,3.048532812525316,-0.22687625909512832,-0.0007535046997178261,
742,2.7843120943259905,0.31562009568360594,-0.0006211100097076368,
743,2.492157139476312,1.4867954135455363,-0.0005885065936449621,
744,2.315637877366882,2.180629776621757,-0.0005620996087391172,
745,1.9805016454251074,3.0884690814838365,-0.0004634543857773236,
746,2.2652188252291765,3.7087850452535207,-0.0003948277402679263,
747,2.1334545345809914,4.236978852954159,-0.0003541714999151877,
748,1.7376326020069328,4.678566407366631,-0.00025514221466228434,
749,1.6871994798951206,5.344312949640745,-0.00020344722515079974,
750,1.3325891699517172,6.065739579060363,-8.094808897032152e-05,
751,1.1164585262757782,7.0086389878772835,-0.00010655848934884322,
752,0.9015339454618214,7.271679598820867,-6.651032704220374e-05,
753,0.6227345422811723,7.769093828054444,-0.00010701315125795884,
754,0.5904935180350748,8.311323394953682,-1.9033275064561303e-06,
755,0.4277503857246643,8.298263009700058,-3.0021000275450536e-05,
756,0.07344618433879901,8.854701858931996,-8.74807794608995e-05,
757,-0.10046446869158387,9.02806367038373,-7.10870535322334e-05,
758,-0.19304915034615533,9.487039329770013,4.9345777909362044e-05,
759,-0.4119465321393889,9.359012211861575,9.240205080869156e-05,
760,-0.6623189185720761,9.474304791604247,0.00018206262493031602,
761,-0.8457994262594255,9.722460626422126,0.0002874129264942909,
762,-0.9531630397901765,9.957858172775111,0.0003366055458748655,
763,-1.1381066163714593,10.05802568723687,0.00046371772759495975,
764,-1.2390051175193904,9.998299521333848,0.0005709964360812907,
765,-1.3496941819972577,10.210583191900675,0.0005437415258418288,
766,-1.553074671359326,10.317474964157476,0.000722082481580304,
767,-1.6381327913407517,10.163763559442117,0.000760756924920696,
768,-1.849170899942564,10.416489510008361,0.0006816186854374674,
769,-1.9474531661493444,10.53113204235806,0.00076244023283383,
770,-2.1151723295432276,10.612152268411386,0.0007887938542374892,
771,-2.110146077980005,10.704370329609304,0.0008055917247059849,
772,-2.2204314859485663,10.964241084638303,0.0008479275211751075,
773,-2.4110614614877974,10.927526886207133,0.0007389161492469291,
774,-2.438561435114906,11.063060795343539,0.0006773812088596773,
775,-2.3426194138275704,11.157138746647618,0.0007291529595335475,
776,-2.3547743986178062,11.153169192272806,0.0006469048529517425,
777,-2.5223355614654253,11.16215273217253,0.0005503629190534223,
778,-2.809718580685221,11.222267448526814,0.00045310544528495526,
779,-3.039927173466971,11.145766759998445,0.00043251968345388216,
780,-2.8753762583563827,11.267569731577922,0.0002914412457804168,
781,-2.8204947087825403,11.449001100394888,0.00010772696961960058,
782,-2.6893058161907533,11.332921605702914,7.861491581984646e-05,
783,-2.558765662147728,11.232920620833475,-6.019421999495494e-05,
784,-2.726559286974627,10.939414845217442,-0.0002605070093325912,
785,-2.707274065306791,10.344294348475422,-0.0004777833827731993,
786,-2.7038914757724797,10.12782298480424,-0.0005015586406928478,
787,-2.719188987268474,9.950555653443402,-0.0005590882054539031,
788,-2.79622332876297,9.583214056736601,-0.0007648502955749379,
789,-2.7218911786019575,9.09913247457046,-0.0008844990854326223,
790,-2.7573999188337055,8.729071972597161,-0.0010317357973207509,
791,-2.5958905997465678,8.224069748476339,-0.0010011484688541273,
792,-3.091612043429464,7.766732911175247,-0.001238146385123571,
793,-2.9310815833891226,7.4510718292397655,-0.0012747274071537714,
794,-2.5795838547723164,6.641599046366359,-0.0013258177653340981,
795,-2.464189687803888,6.17783856778027,-0.0013426094380030633,
796,-2.4661912923181504,5.493605004405573,-0.0014416290086221445,
797,-2.7200827471697053,5.153304743831853,-0.0015451113365613522,
798,-2.397672849481971,4.2605294761181725,-0.0015225962749419735,
799,-2.463280011936561,3.9130021910931987,-0.0014575432775342976,
800,-2.351718595185794,3.1941460466952876,-0.001396689007274918,
801,-2.323627498863253,2.761781300443225,-0.0015255426052870158,
802,-2.2142040407130423,2.255553891331189,-0.0016499373508802309,
803,-2.162737768629384,1.9111531301836848,-0.0016206474470564407,
804,-1.9939906381923649,1.3704669696571727,-0.0016202641573735718,
805,-1.7470680577460982,0.8664069258552445,-0.0015848126698554512,
806,-1.3265795232180082,0.37488997055920237,-0.0014677416653047799,
807,-1.2071963611683927,0.12453047765394842,-0.0016344195923110845,
808,-1.0889472048136568,-0.08895226325367389,-0.0016732622675077375,
809,-1.0438010852759092,-0.5442354388649235,-0.0017176468992230838,
810,-1.0001290962888945,-0.7095121694789199,-0.0017915794219085226,
811,-0.8213491605159078,-0.807014065946845,-0.0018132553853261383,
812,-0.6146793904889378,-1.0756426884554244,-0.0018634922992278743,
813,-0.326515916193415,-1.3934538681616502,-0.0017310406634722373,
814,-0.38405354317919915,-1.310586842048096,-0.001695267104429323,
815,0.0020702327300838874,-1.5946417076060868,-0.0016847451645019894,
816,-0.13764030702767371,-1.67994728746838,-0.0016752754957501262,
817,0.02396026827571518,-1.882115231390685,-0.001629386399789714,
818,-0.054927781169070045,-2.0742243004308065,-0.0014820407570969012,
819,-0.2002879753172948,-2.1895576360562288,-0.001338805610421893,
820,-0.7978033509702556,-1.5869572458842853,-0.0012596340690890363,
821,-0.179512387652494,-2.1472352830571424,-0.0010105613582203621,
822,-0.1166785288573351,-1.651660477422837,-0.0008699261108725054,
823,-0.23238533174556864,-1.4849585204692204,-0.000918980421608762,
824,-0.5764287575634981,-1.1420023261273613,-0.000898996635304039,
825,-0.7607129099638144,-0.8604673146703021,-0.0007921373013753347,
826,-1.0454217092674867,-0.40880761559112955,-0.0007600614745651025,
827,-0.7827762089767276,-0.17320612018563963,-0.0007956668562574337,
828,-1.2367111022316237,0.3736322913534167,-0.0007318636137725286,
829,-1.5672704707332983,0.8158261777658566,-0.0006653123372660822,
830,-1.6070182626627556,1.3539510421711398,-0.0006496891582327576,
831,-1.463921711705133,1.6189803827681573,-0.000592237305844892,
832,-1.5578866438289012,2.1069243263709723,-0.00045838559230780736,
833,-1.6129338010563785,2.5334585544407915,-0.00043899530152462446,
834,-1.6825971803958168,2.734862867099878,-0.0004367187545690342,
835,-1.8208095412616103,3.3280664744627657,-0.0003212240042302914,
836,-1.8041690372357806,3.6840248843862256,-0.00013240330678073549,
837,-1.703009490206476,4.078881306415887,-0.0001113303062207781,
838,-1.4058930665692202,4.534236168126689,-4.833236426408623e-05,
839,-1.465366017395226,4.733568909922397,-5.3903009506941785e-05,
840,-1.3853172157244202,5.12614756608518,-4.033088872486268e-05,
841,-1.3192105950884212,5.417309183042683,5.720975497369805e-05,
842,-1.1263367963640505,5.606512771492554,-4.5206795450708666e-05,
843,-1.0279370299385349,5.92005930309746,-6.982236817173072e-05,
844,-0.6358011626283542,5.951005505881724,-0.0001406759548679545,
845,-0.42342023521541705,6.191225222776268,-0.00010808059866727676,
846,-0.31418502150300753,6.452136946897795,-9.213888316698948e-05,
847,-0.06004275796199465,6.520675072599133,-8.640874751526762e-05,
848,0.07656027658641307,6.641804102798844,-0.00013067370485125764,
849,0.3385079882828208,6.795139943339763,-4.564503777311924e-05,
850,0.4529026735243775,6.613641840592365,-2.096507085142885e-05,
851,0.5422544060162622,6.705553484663341,-0.00010929735661494239,
852,0.7943252163157837,6.7259872327293095,-0.00010060413095807534,
853,0.9745553315325424,6.732739871979888,-0.00011319709084784378,
854,1.1573910764415203,6.715901088277377,-9.917039923002533e-05,
855,1.2872367261577011,6.714578259822019,-0.00015791364283726213,
856,1.5458041826046554,6.428549803107813,-0.00014318460953441012,
857,1.6756215021098413,6.153754757226622,-0.00012022694392611107,
858,1.624134068388983,5.950558536901966,-0.00017526480019305728,
859,1.6970390632001582,5.584440029293916,-0.00021847988426887746,
860,1.8187365426499724,5.1362762179473265,-0.00023425472146366305,
861,1.8514297748692883,4.918686359865106,-0.00025867688051470716,
862,1.9614385982302736,4.811764269865932,-0.0002428557178576964,
863,1.9443318608657592,4.194633844306395,-0.0001802828019311295,
864,1.9733474013964454,3.8291243682558473,-0.00025561811646238313,
865,2.163736365130106,3.064044687642081,-0.0002998778036908082,
866,1.9873429663509583,2.701520573242533,-0.0002672398837826105,
867,2.2055380284727093,2.0666805101160577,-0.00016570719958400944,
868,2.1425500139711033,1.6968373193609239,-9.698631615094708e-05,
869,2.2318076819928336,1.3462700305367576,-5.2129598103960824e-05,
870,2.002898243295462,0.6258397837873702,-5.629482398953646e-05,
871,1.7800227853065849,0.1077600928820246,7.425118459982848e-06,
872,1.833835561212254,-0.6528284109935285,6.77027170456583e-05,
873,1.8890822695192497,-1.0536139360244547,0.00014897023051209466,
874,1.9075995222418953,-1.8169152888923463,0.00015959042472359986,
875,2.0517964751422895,-2.249186962649837,0.00018512011467076853,
876,1.6880030284016527,-2.197411088914251,0.0001448899292900447,
877,1.4610080473122906,-2.8612123233030644,0.0002444864188134782,
878,1.4165630294033136,-3.1603073016622787,0.00028502374594235533,
879,1.1992056016047314,-3.6138492425020488,0.00032250892429780756,
880,0.901111614975747,-4.0598930470743255,0.00037777737117279534,
881,0.8076634816571726,-4.388183193606359,0.0003096818136980434,
882,0.5847819412401165,-4.598588952153477,0.0003253892168526072,
883,0.6766410605837834,-4.977820372468102,0.00039671221460114633,
884,0.5663089641902346,-5.242753682549392,0.00037430647690154,
885,0.339476810386266,-5.60703736229096,0.0002934180153528719,
886,0.20084160847633115,-5.560145921404178,0.000317543636841674,
887,0.14736659248004003,-5.925239848794128,0.00033039162863451616,
888,0.329772553995916,-6.044903973097213,0.00033783156849053484,
889,0.5707806751530526,-6.0734984563573065,0.00032913929917255565,
890,0.6009753088116625,-6.466786640577226,0.0002658946329472502,
891,0.10727838362477371,-6.368003079705723,0.00021420560086208478,
892,0.38571656404551646,-6.299155574102734,0.00019913206256267323,
893,0.3263700492612571,-6.417712766499065,0.0002523879766050813,
894,0.10795712556554093,-6.83867418134399,0.0002109108935829827,
895,0.07713170652903045,-6.853984568078523,0.00017657428508214288,
896,0.03259053128657996,-7.045835210395786,0.00020893260032832936,
897,0.11314285735815588,-7.252974677900674,0.00020775955351180243,
898,0.24459138595740626,-7.268658604754435,0.0001795301797820302,
899,0.2146543559658909,-7.353450656460787,0.00023300036293573585,
900,0.21538492024767208,-7.222857036800036,0.00023604697035507598,
901,0.27462527348269816,-7.203301169426162,0.00024077376802264256,
902,0.20929518472301822,-6.9172653781369675,0.00026928092807307867,
903,0.3925746950027431,-6.817062437970861,0.0002873665549223332,
904,0.27742204380481894,-6.752701140807034,0.00027524427920865447,
905,0.16548797800475512,-6.77224906166424,0.00030381664060421176,
906,-0.001160569410330936,-6.61568774104299,0.00017637507444223264,
907,-0.35438708216310744,-6.456524119944895,0.00035030868056847497,
908,-0.2454310924668377,-6.230565514651893,0.000292467700519247,
909,-0.23960663669930682,-5.9939155364687124,0.0002819937363217162,
910,-0.553940842541536,-5.8486235371321555,0.0003517462625342452,
911,-0.8004901985430877,-5.624944248047186,0.00023542687600406178,
912,-1.0257802336621467,-5.5732914294595375,0.00019674403568623435,
913,-1.158901750394918,-5.203219510364384,0.00016465832566231377,
914,-1.3259781712320091,-4.971249467048544,0.00016613593251794566,
915,-1.3883343009790394,-4.694076093012235,0.00015090351510655244,
916,-1.712963632622099,-4.345957526255191,0.00010726918325427168,
917,-1.7236540632330417,-4.107720926697091,0.00016589030899798836,
918,-2.0134436595841976,-3.8375268646528866,0.0001968911295336653,
919,-2.1126401503229886,-3.670437765441328,0.00026510563705461464,
920,-2.0233467029060606,-3.336480494423583,0.0001639078550964299,
921,-1.9637360950753688,-2.9683016846414603,0.00027946322525849044,
922,-1.9680877778609371,-2.7015104355958286,0.00023961698493370513,
923,-1.960041953702877,-2.450314885236267,0.00021494432310691309,
924,-1.9344860035083542,-2.2361135130691636,0.0001893991402550474,
925,-1.8859433845107745,-1.963612174624629,0.0002644514820080092,
926,-1.8897518834186613,-1.64741229327565,0.0002739167790718022,
927,-1.76682641110353,-1.5460662228159165,0.00026684330228522344,
928,-1.6823381061431846,-1.58180211454507,0.000317589442240228,
929,-1.6140501613025293,-1.2149601690060834,0.0003952876046021724,
930,-1.5897062653598866,-1.186794599084358,0.000269686085587785,
931,-1.4845556785361964,-0.8697099389348679,0.0003810783169251883,
932,-1.3690254764213066,-0.8379935630629092,0.0003153494571471495,
933,-1.1969052571777254,-0.6857228755154452,0.00039940526957830524,
934,-1.1339276981194146,-0.5326714455479475,0.0002857823008493225,
935,-1.15323509818311,-0.4756595559417036,0.0002976601647630456,
936,-0.9075959452990077,-0.10323229527161004,0.00034304028681271656,
937,-0.9061647265691377,-0.2594928345721854,0.0002840885216507847,
938,-0.8066521655666605,-0.2478795391964752,0.00021138719431318008,
939,-0.746463548474722,-0.03717616411265112,0.00033501969182252915,
940,-0.6686641300877838,-0.10379544813249453,0.0003144899800207107,
941,-0.6172264096650366,-0.17245139082879035,0.0002324931404826744,
942,-0.4802928463731675,0.26011390713063065,0.0002918479318062186,
943,-0.519548332431043,0.20839084834904753,0.00024688918633896696,
944,-0.7939984212904321,0.5260897363615626,0.000267235568162061,
945,-0.7613027780104105,0.6881935212663777,0.0002132149977850475,
946,-0.7928612594547388,0.7722450531638643,0.0003610176179296813,
947,-0.8741537623852338,0.86031492672425,0.00040817559879439275,
948,-0.7920328447439999,0.8456359044356461,0.0004986411826096472,
949,-0.8955666862051856,0.867381272230368,0.000580471108121634,
950,-1.1846871646282437,1.1808704746787058,0.0005606701231712385,
951,-1.2353298012164373,1.4522057234379488,0.0006282780093192462,
952,-1.33062697135761,1.7171296132826868,0.0005996231135296502,
953,-1.388110576684511,1.8082921346500598,0.0007411901987980033,
954,-1.4225773993750437,2.0673030786368116,0.0007627271900052159,
955,-1.322544615998062,2.26152734143605,0.0008496661798189503,
956,-1.5495055275751852,2.347800192691352,0.0008169593305021082,
957,-1.7853621506080586,2.453957960670806,0.0008324809128746067,
958,-1.6719736611907692,2.3293827120743273,0.0008549280678231477,
959,-1.5615083650339798,2.216980688693539,0.0009241609629028645,
960,-1.633150691117855,2.286504163400579,0.0009832759048993955,
961,-1.58538935845948,2.3258874864009726,0.0010780140085977375,
962,-1.623540501619452,2.2161833639376383,0.0012297365402101426,
963,-1.8389923260282615,2.4140552837049185,0.0012547316952505293,
964,-1.7852547033044175,1.9796606253572335,0.0012994505841564157,
965,-1.6971341382693765,1.5256187439166666,0.001268366541136887,
966,-1.7401897211675106,1.4943328141161203,0.0012441760381369567,
967,-1.701691649404765,1.3969713304473004,0.001270812325502215,
968,-1.6985954938834738,1.1144719541072945,0.0012312583563597324,
969,-2.01483746295812,0.8638998509052058,0.001287840644658209,
970,-1.9128930738331462,0.4081924708552478,0.0012456387524755856,
971,-1.9352555688512894,0.01406726106547751,0.0012191979499939854,
972,-1.9089990532581709,-0.5015329807664202,0.0013891220220402433,
973,-1.8280154752541478,-0.7879834230214087,0.001389913649336238,
974,-1.761935470757443,-1.320111510824077,0.0013454792071784212,
975,-1.4189952934141914,-1.5929970637807287,0.0012867376855327309,
976,-1.2437067970700468,-1.8046647310084154,0.0012323573017188555,
977,-1.2469445777829762,-2.0459233057943322,0.0012839433686164673,
978,-1.3214071808703238,-2.604876150544726,0.001256498534889355,
979,-1.1156918291328637,-2.8784059775596873,0.0012822291244000451,
980,-0.7885538507897323,-3.2757760161080256,0.0013560192998703802,
981,-0.6716667570890849,-3.2432552346814845,0.0013052365977541157,
982,-0.5081079665956594,-3.56128604909582,0.0012872179223896475,
983,-0.47748013439284165,-3.7184733992735275,0.0013046132968872696,
984,-0.1198389266222506,-3.8285626534176345,0.0011260383142385113,
985,0.14485107214672155,-3.887861263073262,0.001138740848940562,
986,0.38596420457050584,-3.868577868182733,0.0010132321125375194,
987,0.5194378223051928,-3.9043099571763804,0.0009797455724254618,
988,0.6195978025799675,-3.970068981073929,0.0010400216303039804,
989,0.9928908258994653,-3.542674093990925,0.0009383528382143841,
990,1.1400953466257207,-3.2631309115951765,0.0008513126223019469,
991,1.2820218312885316,-2.9582986500821136,0.0008393157284793699,
992,1.3803292897470953,-2.745360448515953,0.0008502663811048488,
993,1.4751540562844525,-2.535607288440879,0.0008081574512293892,
994,1.6698242249853337,-2.2925611639667878,0.000769298426442056,
995,1.79664746210657,-2.050235041363244,0.0007723945355411575,
996,2.056841057118085,-1.5596269337166788,0.0006681603471443611,
997,2.259482317864432,-1.0530303774462055,0.0006393491096774104,
998,2.181247960422354,-0.9027829004379342,0.0004606848320064883,
999,2.1061443456055073,-0.5537838747185191,0.0003567523964219839,
1000,2.200823602173891,-0.15980292119869688,0.0002670900855832282,
1001,2.1073603947700903,0.11470221777251055,0.0002558055089643312,
1002,2.145982959132482,0.19273079954702155,0.00015094886957627961,
1003,2.1001473651614546,0.21411175577159725,0.0001072714792954366,
1004,1.9734256028924761,0.6571849353451427,2.2313011233353157e-05,
1005,1.6981623643423518,0.8163677427619618,-7.185137938396386e-05,
1006,1.8052786581681985,0.7783031513992711,-7.759889346735382e-05,
1007,1.6551678343989025,0.50622688881014,-0.000219550824690393,
1008,1.6120398965880582,0.4648455692722777,-0.00030079906133835457,
1009,1.4846418892757995,0.34027295804614965,-0.00030730556939983014,
1010,1.181219762974088,0.48813379898791,-0.00040445109422633085,
1011,1.376659807993235,0.29355916740227883,-0.00040671511849261783,
1012,1.1393090886883854,0.26135024035334453,-0.00042599370879412013,
1013,0.8968326528540445,0.011422759336831234,-0.0006110500360783228,
1014,0.7467043327222243,-0.2884310042923275,-0.0006787577367222686,
1015,0.5040923788168428,-0.6585497387188326,-0.0006837202413847131,
1016,0.3903352240595126,-0.8649017771956338,-0.0007356241851608769,
1017,0.10489295270971866,-1.0354609986534271,-0.0007662607860178597,
1018,0.03830309910171792,-1.4443009130090587,-0.000831136810932491,
1019,-0.22326602275216345,-1.6938575562919809,-0.0008993742103943518,
1020,-0.3452948270548788,-2.010967684721102,-0.0009153825850389081,
1021,-0.40856788146574985,-2.268570848150958,-0.0009183273409226677,
1022,-0.5289739599685106,-2.2483173273194055,-0.0009177443584164934,
1023,-0.8084797220800652,-2.39723238581535,-0.0009210227524241617,
1024,-0.909042771347309,-2.7180859098090906,-0.0009276890638041696,
1025,-1.0863803104961463,-3.279490873079247,-0.0008971305950290333,
1026,-1.0303902483665226,-3.19881341151995,-0.0008232067884075388,
1027,-1.045768630297978,-3.4418688513299216,-0.000839491027949211,
1028,-0.9931408269471618,-3.356162415780041,-0.0007706326672608519,
1029,-1.1277648619312757,-3.371270126666971,-0.000996572463904331,
1030,-1.2593278690871017,-3.4730410855207126,-0.000919230661605216,
1031,-1.1718984035549411,-3.2122812132354,-0.0010516487153832445,
1032,-0.8824675032915508,-3.4647303360889126,-0.0010962755153134684,
1033,-0.9780509181156916,-3.3985881212292526,-0.001040718527239326,
1034,-0.9597957437178195,-3.3769577608373353,-0.0010952557241347958,
1035,-0.879714635789405,-3.300075565109836,-0.0010465038579301573,
1036,-0.7415892516201197,-3.328084963454458,-0.0009100424477126202,
1037,-0.6584673161926204,-3.394430244782619,-0.0008876825232480858,
1038,-0.5065763273548569,-2.9664226535639315,-0.0008968122871289633,
1039,-0.19549911836791267,-3.0272560945794353,-0.0007781203844202961,
1040,-0.18879081274973686,-3.017510514350171,-0.0007873394524144407,
1041,-0.17851613187095694,-2.9194959461382837,-0.0008377211555041222,
1042,0.10317007849693027,-2.9869066869763117,-0.0009115618357623391,
1043,0.3099442653641731,-2.7517977209279607,-0.0008387744925885811,
1044,0.5833185358696511,-2.924992491463165,-0.0008574546766009173,
1045,0.5094492520803442,-2.5729577376650923,-0.0007780066840322201,
1046,0.6720660103847678,-2.6007001543864092,-0.00078564568756753,
1047,0.7627645280646149,-2.4126028773042876,-0.0007875222994285086,
1048,1.046486465361717,-2.593339237583656,-0.0007541911106576961,
1049,1.2634931029598278,-2.597725017167882,-0.0007832051192244323,
1050,1.4508867290925167,-2.8040727383069637,-0.0007779031283160773,
1051,1.6946198898699336,-2.721591027929321,-0.0008247416677935699,
1052,1.860076867844839,-2.6168541712987974,-0.0009692591825759601,
1053,2.066878339338018,-2.6143563352786146,-0.0010208695671054596,
1054,2.379045715582947,-2.741054525430158,-0.0010326260028726574,
1055,2.250758611964635,-2.711206579138967,-0.0010423142279090496,
1056,2.507058725805159,-2.9206403949550506,-0.0009839739412550244,
1057,2.6745848999633353,-3.368869819038686,-0.0010454662866638108,
1058,3.066696748872431,-3.3925614153979566,-0.0010052794277448257,
1059,3.433593188329347,-3.7278216097954413,-0.000905316165550488,
1060,3.7432775762740746,-3.7401634527880745,-0.0009367539727059187,
1061,4.196226083328092,-3.78142996633116,-0.000871092079828216,
1062,4.101351219106014,-3.533326322354931,-0.000809286410904483,
1063,4.595169456014425,-4.042897908736187,-0.0007551431815773645,
1064,4.8131789618704985,-4.277136527884757,-0.0006865970952761704,
1065,5.409359178051048,-4.192190682193527,-0.0006148359114444028,
1066,5.718647132067332,-4.063588047449038,-0.0005439330912719504,
1067,6.048037814052606,-4.207379392941888,-0.00045587809080205235,
1068,6.456762454099952,-4.3338384888396675,-0.00042107244695630984,
1069,7.018905113583656,-4.682195548989839,-0.00031100567546131887,
1070,7.567699568145038,-4.750404113728251,-0.00021980425373572653,
1071,7.607357570875134,-4.732252322752359,-0.00023999468099752432,
1072,7.807887426569554,-4.821026649828198,-0.0002206483160700893,
1073,8.037954643379695,-4.8801256287943815,-0.0001346118181460472,
1074,8.459121228223331,-4.820800662714191,-7.25848922239025e-05,
1075,8.665232690881691,-5.072416480354988,0.00011987142541515115,
1076,8.94328213741425,-5.216746466534893,0.00021690941549473144,
1077,9.209642468529406,-5.328690620757314,0.0002993874646700029,
1078,9.119198661696789,-5.4581536113279725,0.00047195996066241993,
1079,9.455155472487611,-5.620355191897133,0.0005091359227222775,
1080,9.565199873183527,-5.453554180363135,0.0006355880229855153,
1081,9.799923547782175,-5.676895351376594,0.0008079323716892409,
1082,9.79147567085165,-5.698586595773101,0.000869726090741766,
1083,9.750335196041544,-5.648821857617271,0.0007990641233696352,
1084,9.717018476627018,-5.768389895746452,0.0009062442703318685,
1085,9.753366441687021,-5.8269841509029305,0.0009812450558311717,
1086,9.84849058324836,-5.829466380196173,0.0010558182165211647,
1087,9.812070897470033,-5.407949548869205,0.0009930484554410875,
1088,9.75277093326254,-5.710526304358556,0.0010407393248896904,
1089,9.757570767139338,-5.840198310057019,0.0009572107301042418,
1090,10.083109358563988,-5.564639396924612,0.0009557865213169177,
1091,10.17509539030749,-5.290357310154754,0.0009838499548016797,
1092,10.206474068626825,-4.935449949213602,0.000910076400752041,
1093,10.096984600382743,-4.536732063363001,0.0007430818065652933,
1094,10.19535591288129,-4.470392954025197,0.000707724620060214,
1095,10.226418488388141,-4.114725299997321,0.0006999906848001152,
1096,10.282434447049258,-3.7624667265210014,0.000545498078058349,
1097,10.201203542931388,-3.3650891801186233,0.0006883884836083407,
1098,10.183876976878313,-2.95742775832214,0.0006476866972146668,
1099,10.114160949938567,-2.3997633786890447,0.000688642358685999,
1100,9.965827005574283,-1.9270828123200872,0.0006533622267813673,
1101,10.27534269072465,-1.3804613116379372,0.0007722445275230132,
1102,10.49061563322368,-1.0305434192974658,0.0007454463323023569,
1103,10.530587962899906,-0.4889811514091207,0.000709764502990983,
1104,10.605292254744072,0.23543843428554112,0.0005809029526797002,
1105,10.48823713404923,0.7629977893496545,0.00048618646235225847,
1106,10.419548132566842,1.3621610926193313,0.0006123510527684716,
1107,10.341652792900824,1.8356972444286157,0.0005339303337385352,
1108,10.230685469231188,2.3696337437942674,0.0006067558439465416,
1109,10.26165088747693,2.8349438899816093,0.0007112925089616884,
1110,9.995244136741814,3.2792408380126687,0.0007850745089847287,
1111,9.819936490191134,3.84239205137456,0.0008313747836561809,
1112,9.475459950127819,4.493653310711338,0.0008794337371954494,
1113,9.082729262550602,4.939135075236926,0.0011240409265373856,
1114,8.729521019350832,5.547639871527906,0.0010605466786536705,
1115,8.2812186472954,5.748393797034062,0.0011942456011342587,
1116,7.952343874414655,6.08170508268222,0.0011901999309792601,
1117,7.609626038281721,6.475931409934191,0.0013486035570159727,
1118,7.284246265281693,7.005159729033252,0.0014317130342784085,
1119,6.644933211349018,7.535387903605383,0.0014254175688485317,
1120,6.331254188433615,7.748420685630002,0.001556608233028135,
1121,5.827023297686315,8.040090190851188,0.0015779630009562775,
1122,5.4140005317024915,8.33860351947903,0.0016382739059469997,
1123,4.928787533022859,8.437201351161178,0.0017317055462210329,
1124,4.6715818471574355,8.802595907832014,0.001929599074202596,
1125,4.167830699201042,8.976580914820595,0.0019212242860719639,
1126,3.616477062933411,9.279583376280755,0.0019283985455642002,
1127,3.1145486016078205,9.30778421665395,0.002026676789856861,
1128,2.9224739080500317,9.507530031426903,0.0019074585715333527,
1129,2.78136839717531,9.72210246883914,0.0019181018981352452,
1130,2.2976378817131167,9.806116218201204,0.001871957968498917,
1131,1.9372976592018052,9.69595028338913,0.001842761805419391,
1132,1.6539174641456853,9.982029043910636,0.001889567972975275,
1133,1.6494870817666722,9.822279364354152,0.0020471537065135485,
1134,1.3902080909856078,9.924282731363888,0.0020981337941838162,
1135,1.3074262739776827,9.930122355664693,0.0021059649553387336,
1136,1.0139214278161521,9.942281676659434,0.002047609290271717,
1137,0.7691846351213076,10.016745461463707,0.0020644654845274526,
1138,0.8146438077810672,9.822004811604707,0.0021573377849638253,
1139,0.3816803630076162,9.683652781697887,0.0022315987362166844,
1140,0.34727633490665255,9.728319414982089,0.0021642725297216416,
1141,0.28446927798490584,9.344388320270767,0.002249626497164977,
1142,0.19535720332748774,9.316657654535767,0.002358695549391606,
1143,0.011426900955635588,9.188676455591526,0.0023683392398913365,
1144,-0.2887226246419772,8.665575017537435,0.002395337932811775,
1145,-0.6601061944666871,8.296177128093952,0.0022754664066856455,
1146,-0.6541788807674074,8.193222985083047,0.002253817553613131,
1147,-0.5968828970946074,7.995772001503937,0.002295644104749162,
1148,-0.7067698552846746,7.384578872682809,0.002222818834849644,
1149,-0.7615637289578743,6.986056988732173,0.002202772603035922,
1150,-0.8333092840725378,6.744822417613669,0.0021543320711749168,
1151,-0.9717256229998892,6.304874189224996,0.002034605271446943,
1152,-0.9317259856552003,5.845718030881173,0.0019503124111229838,
1153,-0.8754915396392899,5.6183877401517535,0.0018355995639801302,
1154,-0.9378444268292263,5.1887811016583925,0.001758427084505394,
1155,-1.0430590212585038,4.6774829478690165,0.0017474031364713462,
1156,-1.300179540643546,4.029839585803288,0.0016239307342839192,
1157,-1.4538675132882268,3.5732918570352084,0.0015420110959422778,
1158,-1.45864139206887,3.2457210460256007,0.0014774690919641398,
1159,-1.3078394903444313,2.941180135870141,0.0014247222266783356,
1160,-1.3488550005299444,2.406339016595169,0.0013237524363993568,
1161,-1.4957115577614637,1.9607742180608696,0.001207555844753204,
1162,-1.7261993974303067,1.6424414591043686,0.0012338002966359382,
1163,-1.912164764010189,1.411994858962899,0.001223832761429752,
1164,-1.8253504446302848,0.9639254790027394,0.0011988808737235044,
1165,-1.72594441655869,0.5067185967301242,0.0010162543225601499,
1166,-1.7890052772124712,0.7327520925306814,0.0009072776284250478,
1167,-2.0141456921350525,0.30878381235631736,0.0007712982792148753,
1168,-2.3467439047332306,0.3271681877969783,0.0007279772105199048,
1169,-2.2122965828621446,0.0571745391696723,0.0006958470111105858,
1170,-2.165354155197825,-0.08378995515649024,0.0005670702018474773,
1171,-2.1481576777004534,-0.5510506144208165,0.0004722073394502705,
1172,-2.3141986573861644,-0.7703171599144838,0.0004305440984828761,
1173,-2.4036771610006724,-0.8942401390494794,0.00030960465881558,
1174,-2.38555566795025,-1.01827022593271,0.0002700807290888802,
1175,-2.4059174036152733,-1.111220632593124,0.00016250269287942237,
1176,-2.3423259914525048,-1.2325613970669735,3.0248569139428375e-05,
1177,-2.363090288934412,-1.5132283635758697,-0.00011118603650806316,
1178,-2.539866354220642,-1.7380322359610858,-0.0003247605776747573,
1179,-2.322996278698632,-1.9433057499221533,-0.00048310623548934555,
1180,-2.4783429201214418,-2.229500030432881,-0.0006412886422734135,
1181,-2.501012258245286,-2.6426965946489105,-0.0008069591463814238,
1182,-2.5077891106224293,-2.9062535396247213,-0.0009287475472479767,
1183,-2.3876014696820604,-3.1987878063887933,-0.0011015325087334778,
1184,-2.4912303207177686,-3.4011042463007826,-0.0012606890796828044,
1185,-2.5688279859342096,-4.214379080919365,-0.0013639715474159549,
1186,-2.5286003814491522,-4.614583657609614,-0.0015891263111346213,
1187,-2.58040881733692,-5.102006624258067,-0.0014965527911338424,
1188,-2.1777273492277125,-5.322865777900283,-0.0016219559513280524,
1189,-1.9088114860304408,-5.801223975986019,-0.0017051175586680657,
1190,-2.1048908900652705,-6.113471223602062,-0.001874343755444429,
1191,-2.0259627226236177,-6.364059438133367,-0.001873266197393201,
1192,-1.840874478382517,-6.961359015798955,-0.0018722974533301878,
1193,-1.4306002819587889,-7.043750072909447,-0.0018692130712784265,
1194,-1.197063893695919,-7.308845022935522,-0.0019159957186012213,
1195,-1.1090434039728692,-7.456427956189167,-0.0019423964998103562,
1196,-0.7719034575619936,-7.7404534499412705,-0.001948876102617239,
1197,-0.242171791626955,-7.991362427699258,-0.002057949838077895,
1198,-0.08132783008102606,-7.9892635118816955,-0.0021295315313606695,
1199,0.3268990349656704,-8.022091109674584,-0.0022054927380589714,
1200,0.680553543732433,-7.9475076321028055,-0.002256664425035665,
1201,1.0206443465602888,-7.978650920063345,-0.0022029721587967345,
1202,1.4814643495590474,-7.716386655037951,-0.002263162926777442,
1203,1.7481539057349735,-7.6838152926532075,-0.0023128573612928877,
1204,2.021542142107574,-7.328374560642274,-0.0023253073687151534,
1205,2.266901275371138,-7.0949609869053845,-0.00225288248146534,
1206,2.6189586309548414,-6.847984005522214,-0.002269746249326665,
1207,2.909857213172808,-6.647890682619817,-0.0022879207609832544,
1208,2.870334694107184,-6.322071520560129,-0.0021857769432957804,
1209,2.9217244668164373,-6.0744733212883375,-0.002028001023610838,
1210,3.1482900324180214,-5.82327748776089,-0.0019301598570904055,
1211,3.273201855333216,-5.08615106367548,-0.0018570498831106605,
1212,3.563064563006918,-4.862053052539991,-0.001647465418744407,
1213,3.262816429148449,-4.42108567190499,-0.001613121006904441,
1214,3.028853634852984,-3.7329168779530946,-0.0014882385769074752,
1215,2.8473433640615387,-3.4911795526836045,-0.0013323059127120342,
1216,2.8031994382798278,-2.9428350099754894,-0.0012252870141930524,
1217,2.8088545835600645,-2.4428329086021137,-0.0010644525958259654,
1218,2.474199165191477,-1.9073826858973035,-0.0009544262690805829,
1219,2.2859839903402577,-1.4417208303640123,-0.0008488097209623166,
1220,1.9856650839021643,-1.3422727086279167,-0.0006006461851094987,
1221,1.5567164414206154,-0.4905395772099794,-0.000477072050651871,
1222,1.1288423875277456,-0.1337765352674083,-0.000325451649723852,
1223,0.7134884776603094,0.35494203101473687,-8.791822430866646e-05,
1224,0.4804066609753619,1.0112010984513518,8.532645135588771e-05,
1225,0.27801484571336843,1.607598027829006,0.0003417579887966312,
1226,-0.22197099958491506,1.8472504226729,0.00040005364820269035,
1227,-0.36191183565350826,2.324757093878546,0.00046854424957164763,
1228,-0.741031455670548,2.817653922589038,0.0006492334600853604,
1229,-1.1226775039188155,3.3236137630032516,0.0008232197133720854,
1230,-1.3299149664571317,3.578582287153324,0.0009269864398437641,
1231,-1.928753215973046,3.764271500784382,0.0010288040204932862,
1232,-2.305793611517501,4.1569375183953525,0.001051914257946646,
1233,-2.653138059108226,4.710720892746679,0.001177947326727772,
1234,-3.000519810385125,4.7236536460936165,0.0012200586916712615,
1235,-3.298797624207804,5.553349842912397,0.0011552292711121534,
1236,-3.319517851650403,6.195513283738407,0.0011930168513137294,
1237,-3.654860817315072,6.502395574284414,0.0012347779987474721,
1238,-4.034641203743455,6.982162703444466,0.001272174833883405,
1239,-4.068309200566482,7.110550362132699,0.0013270256661108608,
1240,-4.2436798744014865,7.518230316139814,0.0014250752699621495,
1241,-4.183389387926912,8.154905082661365,0.0013907307310499165,
1242,-4.204543141723775,8.53025143606883,0.0013445081678053888,
1243,-4.4286808517030956,9.137773874370247,0.001334459247941358,
1244,-4.356547035544185,9.67357301152991,0.001360308347070259,
1245,-4.408461752390956,9.975325356052949,0.00139785916235571,
1246,-4.414315007493858,10.392916364796484,0.0012682680739822677,
1247,-4.278872847986371,10.708360869523311,0.00129196683571485,
1248,-4.241117810341411,11.176218040152598,0.001252201965988983,
1249,-4.118313824986579,11.26318547500562,0.0013409017070715734,
1250,-4.250243151216928,11.67388943529177,0.0013791119597042177,
1251,-4.481781812291651,11.915656056621671,0.0012374813256899667,
1252,-4.116984143391516,12.100177067183722,0.0013458811635817195,
1253,-3.888801294775895,12.111650304440502,0.0013103876817819847,
1254,-3.8245213182289106,12.464905068367301,0.001222649882743395,
1255,-3.8119791810736707,12.584970414443276,0.0011119645302836937,
1256,-3.6455497198574456,12.559375295446486,0.0010527430096964902,
1257,-3.31417110190646,12.726811844814193,0.000975353182125719,
1258,-3.3461238200380805,12.572403704149608,0.0009183664054185844,
1259,-3.010217439346963,12.553305868974107,0.0008291946379414897,
1260,-2.89031129693711,12.471330334453327,0.0007685336749326775,
1261,-2.796853283587442,12.288211330722618,0.0007302861848371249,
1262,-2.619057658953704,12.056188242800943,0.0006808828970455757,
1263,-2.459787045301166,11.880503134785187,0.0005577745044041526,
1264,-2.3490565446571274,11.512287302900333,0.0005688534205626813,
1265,-2.227352344246949,11.162665168671651,0.0005744485878306695,
1266,-2.164380630366388,10.786389863812985,0.0003402516630018476,
1267,-2.0336655867176248,10.357134469428956,0.0004730796734649916,
1268,-1.8348588361719536,9.852902111331005,0.00040075307859001666,
1269,-1.746151231060832,9.356011991103074,0.0003397971200893059,
1270,-1.7085749133552035,8.889183602824986,0.00030370067833664777,
1271,-1.5535573004514127,8.434571459276157,0.0002405045380312349,
1272,-1.4372353093490595,8.235939378452997,0.00021646610780836663,
1273,-1.3872347486671757,7.836577934238093,0.00010539577372350659,
1274,-1.2778743568442223,7.105397983470127,0.00012179990519258464,
1275,-1.106320933950883,6.425425033195893,3.873731187395944e-05,
1276,-1.041635901921964,5.8759394067029405,-8.143370096697425e-05,
1277,-0.8855689303778362,5.304843831935699,-0.00010636127256974034,
1278,-0.6703292063241975,4.930882647160956,-0.00025453366215770403,
1279,-0.6251008629113493,4.354242037574025,-0.0003458685193243917,
1280,-0.4284761326066189,3.862763753546588,-0.00044032837682331846,
1281,-0.15453331302268225,3.3672920229287797,-0.0004919611580580909,
1282,-0.15361922181396181,2.6718605584249815,-0.0005701647665957814,
1283,0.23074131948311916,2.1740463183112126,-0.0006415201449016519,
1284,0.4265372524180897,1.7943602464546018,-0.0007810369000344972,
1285,0.5767894713536457,1.4272718419237265,-0.000870586313639417,
1286,0.8069227244841564,1.0650812817789728,-0.0009747033028573403,
1287,1.0572910296399733,0.6830543224110102,-0.0010204253246094887,
1288,1.136768811157225,0.30596789041007355,-0.0010805171445027418,
1289,1.2289097636263584,-0.046736860220164544,-0.00116709413292121,
1290,1.6510087107821718,-0.4120225821373822,-0.0011867837445726026,
1291,1.7080333227684648,-0.8839753690265653,-0.0011421244244770503,
1292,1.9355801055269843,-1.0718562976871269,-0.0010901925046916325,
1293,2.16213424197694,-1.516108004801339,-0.0011925756252380388,
1294,2.1566974009347426,-1.9057827792727693,-0.0012347165540265515,
1295,2.543078977279386,-2.0556149997121764,-0.001267413788691189,
1296,2.5574245590580347,-2.5924838966273853,-0.0013489594958153196,
1297,2.643384594063786,-2.802784970594381,-0.0012489707198313892,
1298,2.78957546061579,-3.12964867327873,-0.0013874250179777533,
1299,2.8992104667075047,-3.5267007793196115,-0.001453242978713254,
1300,3.0020383661243386,-3.864325718035147,-0.0015103593469934767,
1301,3.0440785137548545,-4.195470394473425,-0.0014456651214176594,
1302,3.1943608533154624,-4.265636120628059,-0.0013986746439573752,
1303,3.1831938376655025,-4.861831595198424,-0.001374276693182879,
1304,3.1509756387357974,-4.972197869735403,-0.001473855343651089,
1305,3.1860411201323267,-5.477945217056423,-0.0013315413578726364,
1306,3.234936577564717,-5.78458731649269,-0.0013027380935673244,
1307,3.4145280858141085,-6.008556314118273,-0.0012575256804888803,
1308,3.389086625206584,-6.158583470865089,-0.0011811365653687554,
1309,3.4553183177675564,-6.513610935240791,-0.0010852845888293114,
1310,3.4855426156085514,-6.4913531223664975,-0.0010151262190170977,
1311,3.4867405446892388,-6.445398049409349,-0.0009466380182229662,
1312,3.5202885747645034,-6.419280664093868,-0.0008721477441100481,
1313,3.5853817366838943,-6.4272152810950445,-0.000776916373712036,
1314,3.6027286200926802,-6.574435773097356,-0.0006748568101117318,
1315,3.5400675318538948,-6.74068326735145,-0.000619405084416485,
1316,3.7216790283095023,-6.460613876036554,-0.00044697060217654006,
1317,3.6146493215616307,-6.288634082950956,-0.00028441322142388776,
1318,3.7957782532385327,-5.987393844891081,-0.0001667854083056558,
1319,3.911553244935945,-5.746519027759895,-3.7691257813539034e-05,
1320,4.0514877985996804,-5.400686548888352,0.00012654012187502013,
1321,4.100058184305137,-5.186765045556875,0.00015013560945429088,
