k,Xx,Xy,Xa,
1,0.0,0.0,0.0,
2,0.09364689141511917,-0.08651990443468094,-2.3462976969312876e-05,
3,0.21086953580379486,-0.15044385194778442,-4.7841109335422516e-05,
4,0.34549108147621155,-0.25156450271606445,-7.406036456814036e-05,
5,0.5161006450653076,-0.3621642589569092,-0.00010507338447496295,
6,0.7016039490699768,-0.48808929324150085,-0.00013800148735754192,
7,0.9039847254753113,-0.619875431060791,-0.00016373200924135745,
8,1.121137261390686,-0.7685629725456238,-0.00018628299585543573,
9,1.3609036207199097,-0.9499459862709045,-0.00021149046369828284,
10,1.6054754257202148,-1.123701572418213,-0.00023266414063982666,
11,1.8560141324996948,-1.3003814220428467,-0.00025461381301283836,
12,2.117703676223755,-1.4818077087402344,-0.00027622326160781085,
13,2.391594409942627,-1.6555888652801514,-0.00030466733733192086,
14,2.683180093765259,-1.8361785411834717,-0.0003303418052382767,
15,2.9805188179016113,-2.02217960357666,-0.0003567923267837614,
16,3.2961463928222656,-2.195781707763672,-0.0003777140227612108,
17,3.616464614868164,-2.3774571418762207,-0.00039331213338300586,
18,3.9548375606536865,-2.55049729347229,-0.00040504991193301976,
19,4.317239284515381,-2.729031801223755,-0.0004090946458745748,
20,4.681461811065674,-2.8862481117248535,-0.000414030539104715,
21,5.0625152587890625,-3.0324738025665283,-0.0004146712308283895,
22,5.452361106872559,-3.164658784866333,-0.00041318280273117125,
23,5.855742931365967,-3.290844202041626,-0.0004126195563003421,
24,6.271681785583496,-3.403876781463623,-0.0004097765777260065,
25,6.705168724060059,-3.505970001220703,-0.00040638018981553614,
26,7.149003982543945,-3.602369785308838,-0.00039619544986635447,
27,7.614670753479004,-3.6786417961120605,-0.0003869157808367163,
28,8.086307525634766,-3.7471742630004883,-0.0003704538394231349,
29,8.571426391601562,-3.8023738861083984,-0.0003479238657746464,
30,9.072202682495117,-3.8446996212005615,-0.0003256116178818047,
31,9.59164047241211,-3.8940515518188477,-0.0002991115325130522,
32,10.109485626220703,-3.9177865982055664,-0.00027413960197009146,
33,10.638957977294922,-3.9374732971191406,-0.00025206347345374525,
34,11.178421020507812,-3.947603464126587,-0.00023065030109137297,
35,11.730819702148438,-3.9604387283325195,-0.00021110035595484078,
36,12.282366752624512,-3.9600024223327637,-0.0001932976592797786,
37,12.840581893920898,-3.962523937225342,-0.00017548409232404083,
38,13.39598560333252,-3.9604063034057617,-0.0001530718436697498,
39,13.955303192138672,-3.9543299674987793,-0.00012979944585822523,
40,14.518342018127441,-3.9431328773498535,-0.00010546979319769889,
41,15.080305099487305,-3.9327011108398438,-8.245149365393445e-05,
42,15.651126861572266,-3.917771339416504,-6.004306487739086e-05,
43,16.218576431274414,-3.9012880325317383,-3.640160139184445e-05,
44,16.78182601928711,-3.8807599544525146,-1.174637145595625e-05,
45,17.34226417541504,-3.854469060897827,1.2210603017592803e-05,
46,17.90272331237793,-3.8215107917785645,3.202927837264724e-05,
47,18.46157455444336,-3.7827858924865723,5.256341682979837e-05,
48,19.013301849365234,-3.738727331161499,6.879773718537763e-05,
49,19.560956954956055,-3.6920642852783203,8.236474241130054e-05,
50,20.10946273803711,-3.631009340286255,9.194607991958037e-05,
51,20.653453826904297,-3.5614120960235596,0.00010020408808486536,
52,21.1923828125,-3.4803335666656494,0.00010704789019655436,
53,21.73331069946289,-3.3840136528015137,0.00011017818906111643,
54,22.262975692749023,-3.279633045196533,0.00010906472016358748,
55,22.787080764770508,-3.1590843200683594,0.00010396844299975783,
56,23.306718826293945,-3.0364394187927246,0.00010036444291472435,
57,23.835636138916016,-2.8897416591644287,9.324577695224434e-05,
58,24.35750389099121,-2.7242722511291504,8.584452007198706e-05,
59,24.880451202392578,-2.5476388931274414,7.74189829826355e-05,
60,25.40778923034668,-2.3524417877197266,6.491184467449784e-05,
61,25.92376136779785,-2.129911184310913,5.0276677939109504e-05,
62,26.443572998046875,-1.8864824771881104,3.192186704836786e-05,
63,26.958505630493164,-1.6152021884918213,9.633307854528539e-06,
64,27.468421936035156,-1.3056161403656006,-2.2819049263489433e-05,
65,27.97926902770996,-0.9695911407470703,-6.0153790400363505e-05,
66,28.49591636657715,-0.6019892692565918,-9.811110066948459e-05,
67,29.01798439025879,-0.20262664556503296,-0.00014420808292925358,
68,29.54241180419922,0.22648313641548157,-0.00019565568072721362,
69,30.062597274780273,0.6907168626785278,-0.00025300413835793734,
70,30.58917999267578,1.194240689277649,-0.00031472923001274467,
71,31.113874435424805,1.7325329780578613,-0.0003805077285505831,
72,31.645771026611328,2.3063228130340576,-0.0004521060036495328,
73,32.18134307861328,2.924956798553467,-0.000526755175087601,
74,32.71497344970703,3.582188606262207,-0.0006046002963557839,
75,33.25020980834961,4.272773742675781,-0.0006845853058621287,
76,33.792293548583984,4.996330261230469,-0.0007723062881268561,
77,34.334678649902344,5.750410079956055,-0.0008617053390480578,
78,34.88679504394531,6.5351996421813965,-0.0009498115396127105,
79,35.432518005371094,7.357386589050293,-0.001039157505147159,
80,35.98194122314453,8.207295417785645,-0.0011270535178482533,
81,36.53723907470703,9.09351634979248,-0.0012052587699145079,
82,37.08989715576172,10.008431434631348,-0.0012803045101463795,
83,37.65395736694336,10.952863693237305,-0.0013571789022535086,
84,38.233116149902344,11.921640396118164,-0.0014354323502629995,
85,38.82182693481445,12.897289276123047,-0.0015081806341186166,
86,39.41338348388672,13.892781257629395,-0.0015821038978174329,
87,40.016197204589844,14.904777526855469,-0.0016533710295334458,
88,40.61940383911133,15.934473037719727,-0.0017220190493389964,
89,41.243553161621094,16.963197708129883,-0.0017830465221777558,
90,41.87236404418945,18.00558853149414,-0.0018394382204860449,
91,42.50239181518555,19.043819427490234,-0.0018920410657301545,
92,43.133644104003906,20.069211959838867,-0.0019387855427339673,
93,43.76612854003906,21.09365463256836,-0.001979865599423647,
94,44.39207077026367,22.10968589782715,-0.002012831624597311,
95,45.02070236206055,23.10950469970703,-0.002037494909018278,
96,45.63600540161133,24.092363357543945,-0.002053160686045885,
97,46.2484016418457,25.053834915161133,-0.0020604117307811975,
98,46.85444641113281,26.00041961669922,-0.002058405661955476,
99,47.440399169921875,26.927900314331055,-0.0020523536950349808,
100,48.01124572753906,27.83011245727539,-0.0020400129724293947,
101,48.56259536743164,28.71016502380371,-0.0020180335268378258,
102,49.09337615966797,29.561325073242188,-0.0019841277971863747,
103,49.59851837158203,30.374418258666992,-0.001935906708240509,
104,50.07423782348633,31.166305541992188,-0.001873532310128212,
105,50.52633285522461,31.92957878112793,-0.0018044053576886654,
106,50.9421501159668,32.66910171508789,-0.0017304859356954694,
107,51.32528305053711,33.37624740600586,-0.001652065315283835,
108,51.6752815246582,34.06144332885742,-0.0015682686353102326,
109,51.992454528808594,34.71510696411133,-0.0014870360027998686,
110,52.26650619506836,35.33856201171875,-0.0014027593424543738,
111,52.50938034057617,35.92656707763672,-0.0013144108233973384,
112,52.719215393066406,36.48378372192383,-0.0012255625333637,
113,52.89397048950195,37.010955810546875,-0.0011349612614139915,
114,53.03711700439453,37.4972038269043,-0.0010461123893037438,
115,53.143638610839844,37.9510383605957,-0.0009543065098114312,
116,53.22863006591797,38.36534881591797,-0.0008558894624002278,
117,53.29629898071289,38.75007247924805,-0.0007537117344327271,
118,53.34306716918945,39.0946159362793,-0.0006553872372023761,
119,53.368228912353516,39.41116714477539,-0.0005593759124167264,
120,53.38298416137695,39.6804084777832,-0.0004645375593099743,
121,53.38582229614258,39.91968536376953,-0.0003696747589856386,
122,53.370609283447266,40.11636734008789,-0.00026974116917699575,
123,53.34710693359375,40.26240921020508,-0.0001715757534839213,
124,53.32456588745117,40.37028884887695,-7.403710333164781e-05,
125,53.29448699951172,40.446956634521484,2.3848340788390487e-05,
126,53.26100158691406,40.47807312011719,0.00012809576583094895,
127,53.221588134765625,40.485565185546875,0.0002362039522267878,
128,53.19447708129883,40.45783996582031,0.00034812057856470346,
129,53.168190002441406,40.3816032409668,0.00046022338210605085,
130,53.14609146118164,40.26420211791992,0.0005754560115747154,
131,53.1196403503418,40.10673141479492,0.0006897371495142579,
132,53.09123611450195,39.91885757446289,0.0008083279244601727,
133,53.063053131103516,39.6964225769043,0.000928934314288199,
134,53.035400390625,39.438472747802734,0.0010480402270331979,
135,52.99424362182617,39.15153884887695,0.0011706320801749825,
136,52.957069396972656,38.83179473876953,0.0013007981469854712,
137,52.92254638671875,38.48637008666992,0.001430063508450985,
138,52.881309509277344,38.107540130615234,0.0015629867557436228,
139,52.84122848510742,37.715301513671875,0.0016986419213935733,
140,52.79161834716797,37.29513168334961,0.001838285126723349,
141,52.73072052001953,36.85847854614258,0.001970382872968912,
142,52.657196044921875,36.397396087646484,0.0021032707300037146,
143,52.57865524291992,35.93122863769531,0.0022379488218575716,
144,52.48665237426758,35.45973205566406,0.0023719838354736567,
145,52.379642486572266,34.96881103515625,0.00251177791506052,
146,52.25699234008789,34.4857292175293,0.0026536546647548676,
147,52.1182746887207,34.002296447753906,0.0027967102359980345,
148,51.96862030029297,33.5119514465332,0.002945913700386882,
149,51.804134368896484,33.026302337646484,0.0030912074726074934,
150,51.621456146240234,32.54754638671875,0.0032315668649971485,
151,51.418094635009766,32.0789794921875,0.0033667839597910643,
152,51.201114654541016,31.618057250976562,0.003499007550999522,
153,50.96506118774414,31.167280197143555,0.0036281589418649673,
154,50.71186065673828,30.722824096679688,0.0037548872642219067,
155,50.45111083984375,30.29380226135254,0.0038749712985008955,
156,50.16450881958008,29.86920738220215,0.003988886717706919,
157,49.86349868774414,29.458484649658203,0.004098603967577219,
158,49.549137115478516,29.05389976501465,0.004204506054520607,
159,49.22534942626953,28.66266441345215,0.004299235995858908,
160,48.89262008666992,28.279844284057617,0.0043907565996050835,
161,48.541542053222656,27.899690628051758,0.004468230530619621,
162,48.18577575683594,27.528581619262695,0.004543344024568796,
163,47.828311920166016,27.15280532836914,0.004610861651599407,
164,47.46223831176758,26.77691650390625,0.004670310765504837,
165,47.10157775878906,26.398527145385742,0.004723926540464163,
166,46.74779510498047,26.01453971862793,0.004768109414726496,
167,46.397178649902344,25.625207901000977,0.004802929703146219,
168,46.06156539916992,25.229934692382812,0.004826688673347235,
169,45.739444732666016,24.826704025268555,0.004837389569729567,
170,45.426631927490234,24.406890869140625,0.004835899453610182,
171,45.12653350830078,23.980194091796875,0.004823949187994003,
172,44.84251403808594,23.548919677734375,0.004800757393240929,
173,44.57815933227539,23.114471435546875,0.004764747340232134,
174,44.334869384765625,22.669071197509766,0.0047186571173369884,
175,44.103759765625,22.216793060302734,0.004663953557610512,
176,43.89031219482422,21.758779525756836,0.004599167034029961,
177,43.7026252746582,21.291446685791016,0.004520265385508537,
178,43.53555679321289,20.822669982910156,0.004435382317751646,
179,43.38542938232422,20.338878631591797,0.004341173451393843,
180,43.249515533447266,19.853221893310547,0.004238555673509836,
181,43.133121490478516,19.363197326660156,0.004128644242882729,
182,43.034244537353516,18.872512817382812,0.004006924107670784,
183,42.95085525512695,18.381433486938477,0.003881268436089158,
184,42.88325500488281,17.89655303955078,0.0037517743185162544,
185,42.825965881347656,17.402626037597656,0.0036156494170427322,
186,42.7795524597168,16.91135025024414,0.0034795848187059164,
187,42.74686813354492,16.423437118530273,0.003341610776260495,
188,42.72749328613281,15.933221817016602,0.0032026602420955896,
189,42.71247863769531,15.455409049987793,0.0030581089667975903,
190,42.709747314453125,14.980435371398926,0.0029122699052095413,
191,42.708866119384766,14.506546974182129,0.002761731157079339,
192,42.7214469909668,14.0378999710083,0.002609464805573225,
193,42.73868179321289,13.56486701965332,0.0024502642918378115,
194,42.75637435913086,13.093387603759766,0.002287337789312005,
195,42.77960968017578,12.635623931884766,0.0021174580324441195,
196,42.8067512512207,12.181375503540039,0.0019500107737258077,
197,42.84516906738281,11.745339393615723,0.0017771233106032014,
198,42.88634490966797,11.308667182922363,0.001601853291504085,
199,42.929222106933594,10.877975463867188,0.0014266598736867309,
200,42.9638671875,10.451216697692871,0.001254043192602694,
201,42.99709701538086,10.030845642089844,0.001081882743164897,
202,43.03058624267578,9.615796089172363,0.0009127316297963262,
203,43.067352294921875,9.208171844482422,0.0007455064333043993,
204,43.097938537597656,8.809985160827637,0.0005795354954898357,
205,43.1239128112793,8.42144775390625,0.00041471986332908273,
206,43.144439697265625,8.043594360351562,0.00025255000218749046,
207,43.16277313232422,7.676210403442383,9.250661241821945e-05,
208,43.168670654296875,7.321597576141357,-6.251056038308889e-05,
209,43.16481399536133,6.977092742919922,-0.00020983279682695866,
210,43.14236068725586,6.646739959716797,-0.00035533809568732977,
211,43.11139678955078,6.328655242919922,-0.0004983498947694898,
212,43.0703010559082,6.022470474243164,-0.0006328016752377152,
213,43.012657165527344,5.727803707122803,-0.000764818862080574,
214,42.93958282470703,5.451943397521973,-0.0008961614803411067,
215,42.85908126831055,5.182548999786377,-0.0010240657720714808,
216,42.760704040527344,4.925910472869873,-0.0011459961533546448,
217,42.650413513183594,4.680617809295654,-0.0012611598940566182,
218,42.529014587402344,4.446084022521973,-0.0013765840558335185,
219,42.39537048339844,4.223722457885742,-0.0014826350379735231,
220,42.24346160888672,4.013778209686279,-0.0015886691398918629,
221,42.07131576538086,3.81373929977417,-0.001691421028226614,
222,41.89442443847656,3.624269485473633,-0.0017887605354189873,
223,41.705345153808594,3.4382174015045166,-0.0018800529651343822,
224,41.50152587890625,3.2567243576049805,-0.0019690021872520447,
225,41.27610397338867,3.073970079421997,-0.002052434952929616,
226,41.042457580566406,2.8904032707214355,-0.002126221777871251,
227,40.80251693725586,2.717529296875,-0.0021962407045066357,
228,40.55452346801758,2.545748233795166,-0.0022664042189717293,
229,40.29997634887695,2.3813955783843994,-0.002329824957996607,
230,40.0399284362793,2.221949815750122,-0.002392671536654234,
231,39.774505615234375,2.0661301612854004,-0.002451106905937195,
232,39.49578094482422,1.909630537033081,-0.002511368365958333,
233,39.223045349121094,1.7588310241699219,-0.002570280572399497,
234,38.95115661621094,1.6051273345947266,-0.0026251852978020906,
235,38.67548370361328,1.447066068649292,-0.0026796841993927956,
236,38.40105056762695,1.2838438749313354,-0.0027315926272422075,
237,38.13019943237305,1.1208703517913818,-0.0027815746143460274,
238,37.864158630371094,0.9513219594955444,-0.0028323959559202194,
239,37.60257339477539,0.7940253615379333,-0.0028867225628346205,
240,37.34392547607422,0.628761887550354,-0.0029450904112309217,
241,37.08751678466797,0.454664945602417,-0.0030006926972419024,
242,36.83805847167969,0.27422910928726196,-0.00305168773047626,
243,36.602413177490234,0.08572724461555481,-0.0030963437166064978,
244,36.374977111816406,-0.1086573600769043,-0.0031362371519207954,
245,36.147003173828125,-0.3125308156013489,-0.003173483069986105,
246,35.932838439941406,-0.5232539176940918,-0.003209873801097274,
247,35.729148864746094,-0.7411341071128845,-0.0032463984098285437,
248,35.53150939941406,-0.9682610630989075,-0.003289321204647422,
249,35.34049987792969,-1.2133525609970093,-0.0033361560199409723,
250,35.15935134887695,-1.4742099046707153,-0.0033840960822999477,
251,34.98545837402344,-1.758626937866211,-0.0034375498071312904,
252,34.820430755615234,-2.062608480453491,-0.0034965327940881252,
253,34.667762756347656,-2.383784532546997,-0.0035569139290601015,
254,34.52766418457031,-2.716683864593506,-0.003627092344686389,
255,34.39375686645508,-3.069145441055298,-0.0036971380468457937,
256,34.27028274536133,-3.44067120552063,-0.0037726752925664186,
257,34.15394973754883,-3.8353352546691895,-0.003848847933113575,
258,34.04887008666992,-4.246242523193359,-0.00392808998003602,
259,33.952735900878906,-4.6776604652404785,-0.004009632859379053,
260,33.8676872253418,-5.12970495223999,-0.004095153417438269,
261,33.79673385620117,-5.610679626464844,-0.004184989258646965,
262,33.733062744140625,-6.106545448303223,-0.004276564810425043,
263,33.67580032348633,-6.625106334686279,-0.004370956216007471,
264,33.62905502319336,-7.163298606872559,-0.0044672186486423016,
265,33.590938568115234,-7.715995788574219,-0.0045661902986466885,
266,33.56368637084961,-8.282219886779785,-0.004671539645642042,
267,33.544315338134766,-8.873072624206543,-0.004777615889906883,
268,33.532386779785156,-9.479586601257324,-0.0048953029327094555,
269,33.53181457519531,-10.10673999786377,-0.00501512223854661,
270,33.54241943359375,-10.744149208068848,-0.005138857755810022,
271,33.565208435058594,-11.401779174804688,-0.005260107107460499,
272,33.59629440307617,-12.077401161193848,-0.005380704533308744,
273,33.63988494873047,-12.76606559753418,-0.00549987331032753,
274,33.69385528564453,-13.462459564208984,-0.00561507185921073,
275,33.75445556640625,-14.167098999023438,-0.005732571240514517,
276,33.826053619384766,-14.884668350219727,-0.0058449627831578255,
277,33.904842376708984,-15.600503921508789,-0.005957989953458309,
278,33.99394226074219,-16.33486557006836,-0.006069448310881853,
279,34.09060287475586,-17.070323944091797,-0.006178663577884436,
280,34.19734191894531,-17.806015014648438,-0.006286194082349539,
281,34.311500549316406,-18.540422439575195,-0.006395779550075531,
282,34.43879318237305,-19.270305633544922,-0.006505979690700769,
283,34.566593170166016,-19.988773345947266,-0.006613854318857193,
284,34.70503616333008,-20.697908401489258,-0.00671766372397542,
285,34.8531494140625,-21.397342681884766,-0.00681964959949255,
286,35.0076789855957,-22.089458465576172,-0.006918620318174362,
287,35.166805267333984,-22.76688003540039,-0.00701311556622386,
288,35.334110260009766,-23.432170867919922,-0.007102185860276222,
289,35.509918212890625,-24.08408546447754,-0.0071866875514388084,
290,35.68771743774414,-24.718854904174805,-0.007266526576131582,
291,35.86817169189453,-25.335865020751953,-0.007339087780565023,
292,36.04941940307617,-25.932056427001953,-0.007404236122965813,
293,36.23130798339844,-26.509601593017578,-0.00746872927993536,
294,36.42115020751953,-27.063282012939453,-0.007528623100370169,
295,36.612205505371094,-27.598247528076172,-0.007584834471344948,
296,36.80312728881836,-28.118267059326172,-0.007636704947799444,
297,36.99314880371094,-28.619861602783203,-0.007684299256652594,
298,37.18035125732422,-29.099124908447266,-0.007726600859314203,
299,37.3639030456543,-29.54924774169922,-0.0077642155811190605,
300,37.547706604003906,-29.978548049926758,-0.00779889989644289,
301,37.733367919921875,-30.390499114990234,-0.007830956019461155,
302,37.91748809814453,-30.769529342651367,-0.007857514545321465,
303,38.10145568847656,-31.11956214904785,-0.007880376651883125,
304,38.28532409667969,-31.442768096923828,-0.007902262732386589,
305,38.46853256225586,-31.741979598999023,-0.007925407961010933,
306,38.65460968017578,-32.02098083496094,-0.007947792299091816,
307,38.842529296875,-32.273216247558594,-0.007965944707393646,
308,39.024600982666016,-32.49702835083008,-0.007983428426086903,
309,39.21076202392578,-32.69072723388672,-0.007995916530489922,
310,39.397403717041016,-32.861507415771484,-0.008008556440472603,
311,39.591609954833984,-33.00592041015625,-0.008020772598683834,
312,39.79798126220703,-33.13036346435547,-0.008030105382204056,
313,40.012760162353516,-33.23442840576172,-0.008037052117288113,
314,40.22991180419922,-33.30938720703125,-0.008044315502047539,
315,40.45549774169922,-33.357234954833984,-0.008048543706536293,
316,40.693599700927734,-33.385074615478516,-0.00804328266531229,
317,40.93844985961914,-33.39543151855469,-0.008040144108235836,
318,41.19502639770508,-33.38685607910156,-0.008031175471842289,
319,41.46464538574219,-33.35967254638672,-0.008020923472940922,
320,41.74360656738281,-33.312740325927734,-0.008008495904505253,
321,42.02898025512695,-33.24525451660156,-0.007995987311005592,
322,42.33401107788086,-33.16571044921875,-0.007980418391525745,
323,42.64559555053711,-33.057071685791016,-0.007963940501213074,
324,42.968971252441406,-32.93632888793945,-0.007945572957396507,
325,43.30288314819336,-32.793052673339844,-0.00793026015162468,
326,43.6525764465332,-32.64255905151367,-0.00791182555258274,
327,44.014991760253906,-32.481143951416016,-0.00788862258195877,
328,44.38721466064453,-32.324737548828125,-0.007863497361540794,
329,44.768035888671875,-32.155399322509766,-0.007841144688427448,
330,45.14970016479492,-31.983089447021484,-0.007815384306013584,
331,45.534854888916016,-31.808141708374023,-0.007786992471665144,
332,45.920169830322266,-31.628387451171875,-0.007760966662317514,
333,46.312313079833984,-31.46209144592285,-0.007732777390629053,
334,46.70534133911133,-31.300262451171875,-0.007707512471824884,
335,47.09657287597656,-31.14302635192871,-0.0076850419864058495,
336,47.47795867919922,-30.994176864624023,-0.007664025761187077,
337,47.850807189941406,-30.857460021972656,-0.007642701268196106,
338,48.21648406982422,-30.736108779907227,-0.007617035880684853,
339,48.57063674926758,-30.613601684570312,-0.007594848517328501,
340,48.911834716796875,-30.509458541870117,-0.007573879789561033,
341,49.23897171020508,-30.427200317382812,-0.0075547173619270325,
342,49.56293869018555,-30.367584228515625,-0.007538322824984789,
343,49.867279052734375,-30.323883056640625,-0.007522568106651306,
344,50.15478515625,-30.299217224121094,-0.007510275114327669,
345,50.43207550048828,-30.296024322509766,-0.007501752115786076,
346,50.69197082519531,-30.305034637451172,-0.007499776780605316,
347,50.9354133605957,-30.336931228637695,-0.007499039638787508,
348,51.15522384643555,-30.38954734802246,-0.007498851511627436,
349,51.37062072753906,-30.459476470947266,-0.0074997772462666035,
350,51.5717658996582,-30.542724609375,-0.007501568179577589,
351,51.75271987915039,-30.647504806518555,-0.007502721156924963,
352,51.91433334350586,-30.773056030273438,-0.00750032439827919,
353,52.05995559692383,-30.911420822143555,-0.007495761848986149,
354,52.19745635986328,-31.068632125854492,-0.007492776494473219,
355,52.32624435424805,-31.23874855041504,-0.00748717226088047,
356,52.43373489379883,-31.423830032348633,-0.007486608810722828,
357,52.52389907836914,-31.59890365600586,-0.007485965732485056,
358,52.593467712402344,-31.784378051757812,-0.007484009023755789,
359,52.6439208984375,-31.983564376831055,-0.007479268126189709,
360,52.68339157104492,-32.19187545776367,-0.007470318581908941,
361,52.70180892944336,-32.41016387939453,-0.00745345326140523,
362,52.702980041503906,-32.63816452026367,-0.00742863304913044,
363,52.68602752685547,-32.86165237426758,-0.007406215649098158,
364,52.6529426574707,-33.0783576965332,-0.007385356351733208,
365,52.60248947143555,-33.29207992553711,-0.00736332917585969,
366,52.525917053222656,-33.50339126586914,-0.007346597500145435,
367,52.450401306152344,-33.709632873535156,-0.007333548739552498,
368,52.35207748413086,-33.897735595703125,-0.007326274178922176,
369,52.23438262939453,-34.08950424194336,-0.007322847377508879,
370,52.103050231933594,-34.2730598449707,-0.00731603754684329,
371,51.948814392089844,-34.46022415161133,-0.007311313413083553,
372,51.782432556152344,-34.64976119995117,-0.007304426282644272,
373,51.5970573425293,-34.8243408203125,-0.007301136385649443,
374,51.401222229003906,-34.992042541503906,-0.007304687052965164,
375,51.203731536865234,-35.14882278442383,-0.0073107280768454075,
376,50.98263168334961,-35.285316467285156,-0.007325449027121067,
377,50.755226135253906,-35.41651916503906,-0.007347943261265755,
378,50.512901306152344,-35.52393341064453,-0.007379339076578617,
379,50.266597747802734,-35.626686096191406,-0.007418191526085138,
380,50.01121139526367,-35.72151565551758,-0.007462546229362488,
381,49.75368881225586,-35.812522888183594,-0.007506272755563259,
382,49.492431640625,-35.893245697021484,-0.007551262155175209,
383,49.227088928222656,-35.956729888916016,-0.007600495126098394,
384,48.963417053222656,-36.002105712890625,-0.007652112748473883,
385,48.69746398925781,-36.039703369140625,-0.007704686839133501,
386,48.43849182128906,-36.06285858154297,-0.00775926886126399,
387,48.179378509521484,-36.07025146484375,-0.007819334976375103,
388,47.927799224853516,-36.06602478027344,-0.007882277481257915,
389,47.68350601196289,-36.04652404785156,-0.007948409765958786,
390,47.447601318359375,-36.0101203918457,-0.00801626592874527,
391,47.2166862487793,-35.95684814453125,-0.008085793815553188,
392,46.994075775146484,-35.89049530029297,-0.008153379894793034,
393,46.77722930908203,-35.806007385253906,-0.008222225122153759,
394,46.576454162597656,-35.70890426635742,-0.008293668739497662,
395,46.38984298706055,-35.6010627746582,-0.008364672772586346,
396,46.20859909057617,-35.48358154296875,-0.008437198586761951,
397,46.03398132324219,-35.352882385253906,-0.008510743267834187,
398,45.86333084106445,-35.212745666503906,-0.008584307506680489,
399,45.697208404541016,-35.06344223022461,-0.008657801896333694,
400,45.54029083251953,-34.906471252441406,-0.008729957044124603,
401,45.39301300048828,-34.74500274658203,-0.008799725212156773,
402,45.24622344970703,-34.583648681640625,-0.008865082636475563,
403,45.10718536376953,-34.42298126220703,-0.008923161774873734,
404,44.980892181396484,-34.25910186767578,-0.008975664153695107,
405,44.85902786254883,-34.10411834716797,-0.009022201411426067,
406,44.74155807495117,-33.956214904785156,-0.00906230416148901,
407,44.63028335571289,-33.81261444091797,-0.009101629257202148,
408,44.51955795288086,-33.68437194824219,-0.009139235131442547,
409,44.413902282714844,-33.56180953979492,-0.009175723418593407,
410,44.31240463256836,-33.45022201538086,-0.009210319258272648,
411,44.214439392089844,-33.35200881958008,-0.009243134409189224,
412,44.11985397338867,-33.27107620239258,-0.009270265698432922,
413,44.018898010253906,-33.22201919555664,-0.009288981556892395,
414,43.92461395263672,-33.17155456542969,-0.009298814460635185,
415,43.83641052246094,-33.159263610839844,-0.009305284358561039,
416,43.74480438232422,-33.1618766784668,-0.009309973567724228,
417,43.655948638916016,-33.18703079223633,-0.009311802685260773,
418,43.571231842041016,-33.22494125366211,-0.009311679750680923,
419,43.48107147216797,-33.28548049926758,-0.009309852495789528,
420,43.39018249511719,-33.355751037597656,-0.009308797307312489,
421,43.29525375366211,-33.44841766357422,-0.009310843423008919,
422,43.20530319213867,-33.55877685546875,-0.009309881366789341,
423,43.11140060424805,-33.687862396240234,-0.009307882748544216,
424,43.01533126831055,-33.8412971496582,-0.009300146251916885,
425,42.920005798339844,-34.0020751953125,-0.009292102418839931,
426,42.82805252075195,-34.18533706665039,-0.009280831553041935,
427,42.730594635009766,-34.3912353515625,-0.009270007722079754,
428,42.63727569580078,-34.61320114135742,-0.009260585531592369,
429,42.545467376708984,-34.84120178222656,-0.009249020367860794,
430,42.455474853515625,-35.07977294921875,-0.009235476143658161,
431,42.36078643798828,-35.32368087768555,-0.00922295544296503,
432,42.27269744873047,-35.569969177246094,-0.009207586757838726,
433,42.18651580810547,-35.826595306396484,-0.009190176613628864,
434,42.102386474609375,-36.09405517578125,-0.009171992540359497,
435,42.01873016357422,-36.36949920654297,-0.009151539765298367,
436,41.93828582763672,-36.645057678222656,-0.009126138873398304,
437,41.85976028442383,-36.920066833496094,-0.009100478142499924,
438,41.788082122802734,-37.196197509765625,-0.009074397385120392,
439,41.72129821777344,-37.47386932373047,-0.009050775319337845,
440,41.65208435058594,-37.748329162597656,-0.009027939289808273,
441,41.583396911621094,-38.02686309814453,-0.009002788923680782,
442,41.51791763305664,-38.29670715332031,-0.008977015502750874,
443,41.45787048339844,-38.571346282958984,-0.008950180374085903,
444,41.402915954589844,-38.843360900878906,-0.008922466076910496,
445,41.35252380371094,-39.11130905151367,-0.008891270495951176,
446,41.3033332824707,-39.371578216552734,-0.008857802487909794,
447,41.26309585571289,-39.63317108154297,-0.00881991721689701,
448,41.22480773925781,-39.896419525146484,-0.00877821259200573,
449,41.191246032714844,-40.158721923828125,-0.008735247887670994,
450,41.157806396484375,-40.415828704833984,-0.008691927418112755,
451,41.12357711791992,-40.66719436645508,-0.00864928774535656,
452,41.09163284301758,-40.9252815246582,-0.008603082969784737,
453,41.05418395996094,-41.18229675292969,-0.008560480549931526,
454,41.025413513183594,-41.442237854003906,-0.008514627814292908,
455,41.001792907714844,-41.7021369934082,-0.008466885425150394,
456,40.97323989868164,-41.96742630004883,-0.008417166769504547,
457,40.94225311279297,-42.237796783447266,-0.00836491584777832,
458,40.91329574584961,-42.50531768798828,-0.008310958743095398,
459,40.889259338378906,-42.76968765258789,-0.008253561332821846,
460,40.86688995361328,-43.031375885009766,-0.008195038884878159,
461,40.84406280517578,-43.295501708984375,-0.008142110891640186,
462,40.82157516479492,-43.55964279174805,-0.008092110976576805,
463,40.79780960083008,-43.822288513183594,-0.008045054972171783,
464,40.77427673339844,-44.08910369873047,-0.008002026006579399,
465,40.744529724121094,-44.34860610961914,-0.00796185340732336,
466,40.7181396484375,-44.61052322387695,-0.007921263575553894,
467,40.694732666015625,-44.86702346801758,-0.00788454432040453,
468,40.670570373535156,-45.122100830078125,-0.007848302833735943,
469,40.636993408203125,-45.38783264160156,-0.0078116790391504765,
470,40.60498046875,-45.65196990966797,-0.007770055904984474,
471,40.568607330322266,-45.91307830810547,-0.007727508433163166,
472,40.536502838134766,-46.17124938964844,-0.0076895346865057945,
473,40.51033401489258,-46.42791748046875,-0.007656358182430267,
474,40.494483947753906,-46.68275451660156,-0.007630130276083946,
475,40.47565841674805,-46.946685791015625,-0.007602744270116091,
476,40.4522819519043,-47.20653533935547,-0.007579847704619169,
477,40.42559051513672,-47.459197998046875,-0.007558848708868027,
478,40.4129753112793,-47.70954132080078,-0.00753808906301856,
479,40.41241455078125,-47.961875915527344,-0.007517105899751186,
480,40.408729553222656,-48.21691131591797,-0.007498240564018488,
481,40.40125274658203,-48.469783782958984,-0.007480860222131014,
482,40.39458465576172,-48.73405838012695,-0.007462514564394951,
483,40.38837432861328,-49.00068283081055,-0.00745258666574955,
484,40.383522033691406,-49.266693115234375,-0.007447005249559879,
485,40.38115310668945,-49.52805709838867,-0.007444893009960651,
486,40.3856086730957,-49.79356002807617,-0.0074431137181818485,
487,40.39169692993164,-50.061954498291016,-0.007441334892064333,
488,40.3966178894043,-50.34068298339844,-0.007439890876412392,
489,40.40401840209961,-50.62611389160156,-0.007438349537551403,
490,40.40216827392578,-50.91555404663086,-0.0074384985491633415,
491,40.4073600769043,-51.21453094482422,-0.00743635930120945,
492,40.40991973876953,-51.513458251953125,-0.0074316272512078285,
493,40.404693603515625,-51.822853088378906,-0.007429585326462984,
494,40.39666748046875,-52.13218307495117,-0.007428224664181471,
495,40.38356399536133,-52.445953369140625,-0.007432625163346529,
496,40.37025833129883,-52.762454986572266,-0.00743860611692071,
497,40.33941650390625,-53.071022033691406,-0.007450447883456945,
498,40.308170318603516,-53.39080047607422,-0.007460900582373142,
499,40.272891998291016,-53.70850372314453,-0.0074692582711577415,
500,40.237945556640625,-54.03248596191406,-0.007479398045688868,
501,40.201805114746094,-54.373329162597656,-0.007487992290407419,
502,40.160911560058594,-54.7125358581543,-0.007496180012822151,
503,40.120059967041016,-55.058006286621094,-0.007504558656364679,
504,40.07585144042969,-55.41536331176758,-0.0075162919238209724,
505,40.02819061279297,-55.772281646728516,-0.007529425900429487,
506,39.982887268066406,-56.12917709350586,-0.007539453916251659,
507,39.938941955566406,-56.50957489013672,-0.007553096394985914,
508,39.89857864379883,-56.890228271484375,-0.00756664527580142,
509,39.865478515625,-57.27758026123047,-0.007579334080219269,
510,39.834434509277344,-57.681312561035156,-0.007588605862110853,
511,39.811344146728516,-58.08789825439453,-0.007594520226120949,
512,39.798770904541016,-58.500980377197266,-0.007601122371852398,
513,39.791873931884766,-58.92702865600586,-0.007609556894749403,
514,39.790855407714844,-59.35442352294922,-0.007616245187819004,
515,39.7999153137207,-59.78794479370117,-0.0076288748532533646,
516,39.82417297363281,-60.218841552734375,-0.007646710611879826,
517,39.860687255859375,-60.64797592163086,-0.007666224148124456,
518,39.90797805786133,-61.07979965209961,-0.007687416393309832,
519,39.96837615966797,-61.50645446777344,-0.007704170886427164,
520,40.03980255126953,-61.93999481201172,-0.007718725595623255,
521,40.12636184692383,-62.37895965576172,-0.0077271852642297745,
522,40.22296905517578,-62.81523895263672,-0.007729514501988888,
523,40.33577346801758,-63.24626541137695,-0.007727857679128647,
524,40.4694938659668,-63.67097091674805,-0.0077287000603973866,
525,40.613685607910156,-64.07850646972656,-0.007734471466392279,
526,40.77180480957031,-64.4787826538086,-0.0077456338331103325,
527,40.94149398803711,-64.86544036865234,-0.007753056474030018,
528,41.12517547607422,-65.2403564453125,-0.007754680700600147,
529,41.31964874267578,-65.6047592163086,-0.007751141674816608,
530,41.524723052978516,-65.96916961669922,-0.007738882675766945,
531,41.736228942871094,-66.3172607421875,-0.0077226958237588406,
532,41.94741439819336,-66.65079498291016,-0.007705331780016422,
533,42.15929412841797,-66.96121215820312,-0.0076897661201655865,
534,42.367835998535156,-67.2547378540039,-0.007679374422878027,
535,42.57392883300781,-67.5303726196289,-0.007674022112041712,
536,42.77898025512695,-67.78837585449219,-0.007669531740248203,
537,42.98306655883789,-68.02877044677734,-0.0076668765395879745,
538,43.178916931152344,-68.25132751464844,-0.00766407884657383,
539,43.36701583862305,-68.45780181884766,-0.007662283256649971,
540,43.541080474853516,-68.64612579345703,-0.007660759147256613,
541,43.700626373291016,-68.81715393066406,-0.007659219205379486,
542,43.8548469543457,-68.97080993652344,-0.007657294627279043,
543,44.0006217956543,-69.09669494628906,-0.007656944915652275,
544,44.134159088134766,-69.20710754394531,-0.007657897192984819,
545,44.252193450927734,-69.30372619628906,-0.007660100236535072,
546,44.352149963378906,-69.38610076904297,-0.007666198071092367,
547,44.43964767456055,-69.45360565185547,-0.0076729916036129,
548,44.51753616333008,-69.50212860107422,-0.007680228911340237,
549,44.58830261230469,-69.53376007080078,-0.007691831327974796,
550,44.64930725097656,-69.55589294433594,-0.007705457974225283,
551,44.70130157470703,-69.56015014648438,-0.007720001973211765,
552,44.74344253540039,-69.55162811279297,-0.007735169492661953,
553,44.77693557739258,-69.5313720703125,-0.007749215699732304,
554,44.81332778930664,-69.49330139160156,-0.007766823284327984,
555,44.84523391723633,-69.44420623779297,-0.00778454402461648,
556,44.87595748901367,-69.38534545898438,-0.007804429158568382,
557,44.9000129699707,-69.31405639648438,-0.007826074957847595,
558,44.91801452636719,-69.23380279541016,-0.007850232534110546,
559,44.94097900390625,-69.14810180664062,-0.007875504903495312,
560,44.95991897583008,-69.05779266357422,-0.007901550270617008,
561,44.97598648071289,-68.96268463134766,-0.007929421961307526,
562,44.99968338012695,-68.86001586914062,-0.00795538816601038,
563,45.03181076049805,-68.7591552734375,-0.00798111967742443,
564,45.06470489501953,-68.65867614746094,-0.008002064190804958,
565,45.100406646728516,-68.55864715576172,-0.008023134432733059,
566,45.140380859375,-68.46879577636719,-0.00804449338465929,
567,45.18537521362305,-68.3843994140625,-0.008069029077887535,
568,45.23707962036133,-68.30514526367188,-0.008096933364868164,
569,45.29227828979492,-68.23477935791016,-0.008123217150568962,
570,45.34645080566406,-68.17513275146484,-0.008153228089213371,
571,45.40751266479492,-68.13247680664062,-0.0081813158467412,
572,45.46994400024414,-68.10623168945312,-0.008203329518437386,
573,45.53366470336914,-68.09526824951172,-0.008224737830460072,
574,45.598609924316406,-68.10637664794922,-0.008244745433330536,
575,45.66705322265625,-68.13176727294922,-0.008262631483376026,
576,45.737083435058594,-68.17452239990234,-0.008279112167656422,
577,45.807533264160156,-68.238037109375,-0.00829331111162901,
578,45.87691879272461,-68.31444549560547,-0.008310206234455109,
579,45.94206619262695,-68.4075698852539,-0.00832988228648901,
580,46.00635528564453,-68.50672149658203,-0.008353199809789658,
581,46.06584930419922,-68.61489868164062,-0.008374345488846302,
582,46.11984634399414,-68.73577117919922,-0.008390126749873161,
583,46.17180633544922,-68.8695297241211,-0.008406694047152996,
584,46.21432113647461,-69.00826263427734,-0.008419997058808804,
585,46.24610900878906,-69.15135192871094,-0.008433588780462742,
586,46.274539947509766,-69.29590606689453,-0.00844652857631445,
587,46.30141067504883,-69.43970489501953,-0.008454055525362492,
588,46.32128143310547,-69.58056640625,-0.008458196185529232,
589,46.331336975097656,-69.7210464477539,-0.008460813201963902,
590,46.32910919189453,-69.85328674316406,-0.00845496915280819,
591,46.32291793823242,-69.9708480834961,-0.008443151600658894,
592,46.307437896728516,-70.07099914550781,-0.008428905159235,
593,46.298789978027344,-70.1580810546875,-0.008408483117818832,
594,46.28280258178711,-70.22783660888672,-0.008385973982512951,
595,46.25672149658203,-70.28511810302734,-0.008362342603504658,
596,46.221134185791016,-70.32573699951172,-0.00833174679428339,
597,46.1776123046875,-70.33287048339844,-0.008300218731164932,
598,46.13608932495117,-70.32071685791016,-0.008268873207271099,
599,46.08669662475586,-70.28192138671875,-0.008237325586378574,
600,46.03013610839844,-70.21082305908203,-0.008200501091778278,
601,45.96485900878906,-70.11146545410156,-0.008161516860127449,
602,45.888179779052734,-69.9947509765625,-0.008117499761283398,
603,45.801700592041016,-69.86426544189453,-0.008066554553806782,
604,45.702457427978516,-69.7163314819336,-0.008009823970496655,
605,45.598846435546875,-69.54771423339844,-0.007952787913382053,
606,45.479225158691406,-69.35716247558594,-0.007895642891526222,
607,45.352333068847656,-69.14318084716797,-0.00784264039248228,
608,45.21427536010742,-68.90882873535156,-0.007793917320668697,
609,45.06324005126953,-68.65769958496094,-0.0077457064762711525,
610,44.907588958740234,-68.37992858886719,-0.007699848618358374,
611,44.73637390136719,-68.0880126953125,-0.007654182612895966,
612,44.556278228759766,-67.78202056884766,-0.007605437189340591,
613,44.36695861816406,-67.46212768554688,-0.007551887538284063,
614,44.16609191894531,-67.13806915283203,-0.007495941128581762,
615,43.95437240600586,-66.79842376708984,-0.007437239401042461,
616,43.73005294799805,-66.4476089477539,-0.00737878168001771,
617,43.5009880065918,-66.08985900878906,-0.007323920261114836,
618,43.26305389404297,-65.71690368652344,-0.00726950541138649,
619,43.012489318847656,-65.33753204345703,-0.007219880819320679,
620,42.753089904785156,-64.94287109375,-0.007174928672611713,
621,42.47995376586914,-64.52999114990234,-0.007134484127163887,
622,42.20366668701172,-64.0951919555664,-0.0070955497212708,
623,41.92086410522461,-63.65232849121094,-0.007058915216475725,
624,41.634307861328125,-63.1993522644043,-0.007024699356406927,
625,41.343955993652344,-62.74213790893555,-0.006992395501583815,
626,41.05125045776367,-62.2814826965332,-0.006960744969546795,
627,40.76523208618164,-61.810264587402344,-0.006933417171239853,
628,40.47339630126953,-61.32032012939453,-0.006912669632583857,
629,40.18456268310547,-60.8248405456543,-0.006893352139741182,
630,39.90324401855469,-60.32863235473633,-0.006877540610730648,
631,39.62639617919922,-59.82528305053711,-0.006863266695290804,
632,39.35688018798828,-59.32542037963867,-0.00684769731014967,
633,39.09588623046875,-58.82061004638672,-0.00683398125693202,
634,38.847129821777344,-58.31639862060547,-0.0068200635723769665,
635,38.613277435302734,-57.807350158691406,-0.006806700024753809,
636,38.38889694213867,-57.3000373840332,-0.00679163308814168,
637,38.175228118896484,-56.788291931152344,-0.006782208103686571,
638,37.9698486328125,-56.28145217895508,-0.006773334927856922,
639,37.77463150024414,-55.779823303222656,-0.006765435915440321,
640,37.58856201171875,-55.290714263916016,-0.006757319904863834,
641,37.409812927246094,-54.81376266479492,-0.00675179623067379,
642,37.24222183227539,-54.34615707397461,-0.0067493366077542305,
643,37.08108139038086,-53.8867301940918,-0.006752161309123039,
644,36.92178726196289,-53.42912673950195,-0.006758612114936113,
645,36.769020080566406,-52.984779357910156,-0.0067708152346313,
646,36.617530822753906,-52.546268463134766,-0.00678218575194478,
647,36.474361419677734,-52.132232666015625,-0.006790450774133205,
648,36.335357666015625,-51.73120880126953,-0.006793031468987465,
649,36.199851989746094,-51.349117279052734,-0.0067929429933428764,
650,36.07324981689453,-50.97817611694336,-0.006794245447963476,
651,35.956817626953125,-50.63218307495117,-0.006798731163144112,
652,35.84086608886719,-50.29818344116211,-0.006806986406445503,
653,35.7271614074707,-49.98227310180664,-0.0068173594772815704,
654,35.608680725097656,-49.682743072509766,-0.0068304347805678844,
655,35.4994010925293,-49.40367126464844,-0.006844188552349806,
656,35.39448547363281,-49.13039779663086,-0.006853749975562096,
657,35.29412841796875,-48.86262512207031,-0.006862632464617491,
658,35.19925308227539,-48.61774826049805,-0.006870745215564966,
659,35.105289459228516,-48.38656997680664,-0.006876886822283268,
660,35.01612854003906,-48.17270278930664,-0.00688096322119236,
661,34.9338264465332,-47.97378158569336,-0.006883975118398666,
662,34.85894012451172,-47.79766082763672,-0.006884728092700243,
663,34.78919982910156,-47.63008499145508,-0.006887043826282024,
664,34.718048095703125,-47.47238540649414,-0.006890590768307447,
665,34.65228271484375,-47.31833267211914,-0.006899712607264519,
666,34.58531951904297,-47.167259216308594,-0.006915987003594637,
667,34.52418518066406,-47.020023345947266,-0.006937181111425161,
668,34.46293258666992,-46.87904739379883,-0.006961599923670292,
669,34.40188980102539,-46.75204086303711,-0.006986311171203852,
670,34.33815383911133,-46.63483810424805,-0.007012461312115192,
671,34.2720947265625,-46.52520751953125,-0.007036786526441574,
672,34.21110916137695,-46.42452621459961,-0.007059096358716488,
673,34.15166473388672,-46.32698440551758,-0.007078271359205246,
674,34.094390869140625,-46.23882293701172,-0.007093462161719799,
675,34.03085708618164,-46.14931869506836,-0.007109597325325012,
676,33.97360610961914,-46.067848205566406,-0.007123488467186689,
677,33.91401290893555,-45.99184799194336,-0.007134190294891596,
678,33.860740661621094,-45.922874450683594,-0.007143867202103138,
679,33.813785552978516,-45.85082244873047,-0.007154265884310007,
680,33.7686653137207,-45.783504486083984,-0.007161667104810476,
681,33.730438232421875,-45.72092819213867,-0.007167347706854343,
682,33.70270538330078,-45.664188385009766,-0.007171859964728355,
683,33.67929458618164,-45.594085693359375,-0.007176499348133802,
684,33.662906646728516,-45.533817291259766,-0.007176895625889301,
685,33.65272903442383,-45.46458053588867,-0.007175998296588659,
686,33.65419387817383,-45.39295196533203,-0.007178655359894037,
687,33.65886688232422,-45.31819534301758,-0.007183377165347338,
688,33.6764030456543,-45.23710632324219,-0.007186678238213062,
689,33.705867767333984,-45.1515007019043,-0.007190257776528597,
690,33.74526596069336,-45.07202911376953,-0.00718958443030715,
691,33.797874450683594,-44.98908996582031,-0.00718452874571085,
692,33.855430603027344,-44.90510177612305,-0.007176529616117477,
693,33.92399597167969,-44.81584548950195,-0.007168003357946873,
694,34.00220489501953,-44.72303009033203,-0.007157659158110619,
695,34.089263916015625,-44.62407684326172,-0.007149199955165386,
696,34.18338394165039,-44.51607894897461,-0.007139663212001324,
697,34.28847122192383,-44.3991813659668,-0.0071279327385127544,
698,34.401939392089844,-44.27783203125,-0.007115158252418041,
699,34.52152633666992,-44.151268005371094,-0.00710245780646801,
700,34.64935302734375,-44.02070617675781,-0.007086008787155151,
701,34.784847259521484,-43.89337921142578,-0.007066124118864536,
702,34.92086410522461,-43.758934020996094,-0.007047734223306179,
703,35.06174087524414,-43.61252975463867,-0.0070236800238490105,
704,35.20109558105469,-43.461212158203125,-0.006994354538619518,
705,35.344146728515625,-43.30942916870117,-0.0069655138067901134,
706,35.486881256103516,-43.14670181274414,-0.00693558668717742,
707,35.6313362121582,-42.97063064575195,-0.006907141767442226,
708,35.76750564575195,-42.78460693359375,-0.006874577607959509,
709,35.90296173095703,-42.58912658691406,-0.006841037422418594,
710,36.032798767089844,-42.37076950073242,-0.006803352385759354,
711,36.15628433227539,-42.158565521240234,-0.0067597064189612865,
712,36.27311325073242,-41.93204879760742,-0.006714358925819397,
713,36.38351058959961,-41.69710922241211,-0.0066649033688008785,
714,36.486270904541016,-41.44929122924805,-0.006608913652598858,
715,36.58309555053711,-41.19626998901367,-0.006551001220941544,
716,36.66476821899414,-40.93244934082031,-0.0064900340512394905,
717,36.73624038696289,-40.66489028930664,-0.006423924583941698,
718,36.804134368896484,-40.3919677734375,-0.0063536823727190495,
719,36.856224060058594,-40.10884475708008,-0.006283401977270842,
720,36.90216064453125,-39.815311431884766,-0.006215689703822136,
721,36.945621490478516,-39.52394104003906,-0.006146252620965242,
722,36.97727584838867,-39.22796630859375,-0.0060778032056987286,
723,37.00045394897461,-38.92713928222656,-0.006012883502990007,
724,37.01326370239258,-38.62796401977539,-0.0059492019936442375,
725,37.007659912109375,-38.321956634521484,-0.005884568206965923,
726,36.995365142822266,-38.01876449584961,-0.00582215515896678,
727,36.97515869140625,-37.715110778808594,-0.005758773069828749,
728,36.945674896240234,-37.423057556152344,-0.005697134416550398,
729,36.91226577758789,-37.14167404174805,-0.005635873880237341,
730,36.871917724609375,-36.870849609375,-0.0055765979923307896,
731,36.821746826171875,-36.61170959472656,-0.005518958903849125,
732,36.763633728027344,-36.36458206176758,-0.00545966811478138,
733,36.69737243652344,-36.12055206298828,-0.005401245784014463,
734,36.624961853027344,-35.89777374267578,-0.005342565942555666,
735,36.55036163330078,-35.700035095214844,-0.00528732081875205,
736,36.471065521240234,-35.51845169067383,-0.005232150666415691,
737,36.39060592651367,-35.36305236816406,-0.005179676692932844,
738,36.303977966308594,-35.228450775146484,-0.005130156874656677,
739,36.21344757080078,-35.11366271972656,-0.005082935560494661,
740,36.10982131958008,-35.022281646728516,-0.005047819577157497,
741,36.0090217590332,-34.954586029052734,-0.005010254681110382,
742,35.915618896484375,-34.906341552734375,-0.0049770972691476345,
743,35.83067321777344,-34.898193359375,-0.004945148713886738,
744,35.75056838989258,-34.91501235961914,-0.004914216231554747,
745,35.68056869506836,-34.963985443115234,-0.004886657930910587,
746,35.60065460205078,-35.03603744506836,-0.004861532244831324,
747,35.5242919921875,-35.128334045410156,-0.004837950225919485,
748,35.46015548706055,-35.23817825317383,-0.004817822948098183,
749,35.39718246459961,-35.372955322265625,-0.004799642134457827,
750,35.345314025878906,-35.53464889526367,-0.004785727243870497,
751,35.30019760131836,-35.73066329956055,-0.004771295934915543,
752,35.26189422607422,-35.93913269042969,-0.004758466500788927,
753,35.23257827758789,-36.16767501831055,-0.004744622856378555,
754,35.20433807373047,-36.4178352355957,-0.004734480753540993,
755,35.18143844604492,-36.671630859375,-0.004723736084997654,
756,35.17018127441406,-36.94747543334961,-0.004711411893367767,
757,35.164833068847656,-37.23299789428711,-0.004699880722910166,
758,35.16280746459961,-37.53744888305664,-0.0046925293281674385,
759,35.168251037597656,-37.841773986816406,-0.004686879925429821,
760,35.18226623535156,-38.153717041015625,-0.0046844580210745335,
761,35.20276641845703,-38.477535247802734,-0.004685801919549704,
762,35.22732925415039,-38.81279754638672,-0.004689116030931473,
763,35.25851058959961,-39.15507888793945,-0.00469694659113884,
764,35.29362869262695,-39.49909210205078,-0.004708688240498304,
765,35.33302307128906,-39.85356140136719,-0.004719990771263838,
766,35.379737854003906,-40.215030670166016,-0.004737524315714836,
767,35.42998504638672,-40.574947357177734,-0.004756800830364227,
768,35.48787307739258,-40.946372985839844,-0.00477398419752717,
769,35.54979705810547,-41.3248176574707,-0.004794236738234758,
770,35.6180305480957,-41.709129333496094,-0.004815803840756416,
771,35.68699264526367,-42.099605560302734,-0.004838370718061924,
772,35.760406494140625,-42.501644134521484,-0.004862762056291103,
773,35.84090805053711,-42.90559768676758,-0.0048840525560081005,
774,35.92323303222656,-43.31696701049805,-0.004903729539364576,
775,36.00334930419922,-43.73435974121094,-0.0049254451878368855,
776,36.0847053527832,-44.15453338623047,-0.0049448455683887005,
777,36.172340393066406,-44.57781219482422,-0.004961419850587845,
778,36.27020263671875,-45.00578308105469,-0.0049750953912734985,
779,36.376522064208984,-45.43393325805664,-0.004988320637494326,
780,36.4785041809082,-45.86860656738281,-0.004997156094759703,
781,36.579620361328125,-46.31171417236328,-0.005000148434191942,
782,36.677337646484375,-46.75356674194336,-0.005002253223210573,
783,36.7715950012207,-47.194557189941406,-0.004999883938580751,
784,36.87202835083008,-47.628273010253906,-0.004990978632122278,
785,36.97259521484375,-48.04469299316406,-0.0049749030731618404,
786,37.07378005981445,-48.45584487915039,-0.004957872908562422,
787,37.17616653442383,-48.862857818603516,-0.004938784055411816,
788,37.2817497253418,-49.25941848754883,-0.004912791773676872,
789,37.3856086730957,-49.64152526855469,-0.004882621578872204,
790,37.49127197265625,-50.01265335083008,-0.004847334697842598,
791,37.592315673828125,-50.368221282958984,-0.004812672268599272,
792,37.71005630493164,-50.70954513549805,-0.004769943188875914,
793,37.82331085205078,-51.04103469848633,-0.004725588485598564,
794,37.9257698059082,-51.346458435058594,-0.004679133649915457,
795,38.02495574951172,-51.63673782348633,-0.004631688818335533,
796,38.1246337890625,-51.90449905395508,-0.004580582492053509,
797,38.23299026489258,-52.16067123413086,-0.0045256419107317924,
798,38.33135223388672,-52.38713836669922,-0.004470943007618189,
799,38.43220520019531,-52.6013069152832,-0.0044178953394293785,
800,38.5297966003418,-52.79097366333008,-0.004366403445601463,
801,38.62678527832031,-52.965206146240234,-0.004310327582061291,
802,38.72050094604492,-53.121463775634766,-0.004249772056937218,
803,38.81277847290039,-53.264854431152344,-0.004189704079180956,
804,38.89977264404297,-53.38889694213867,-0.0041292086243629456,
805,38.978858947753906,-53.49461364746094,-0.0040694414637982845,
806,39.04427719116211,-53.5822639465332,-0.004013088997453451,
807,39.10566329956055,-53.65956497192383,-0.003950970713049173,
808,39.16300582885742,-53.727684020996094,-0.003887191880494356,
809,39.21864318847656,-53.77872848510742,-0.0038215680979192257,
810,39.272613525390625,-53.822025299072266,-0.003753131488338113,
811,39.32050704956055,-53.85978698730469,-0.0036835658829659224,
812,39.361351013183594,-53.886474609375,-0.0036119455471634865,
813,39.39241409301758,-53.90044403076172,-0.0035442125517874956,
814,39.42485046386719,-53.91469192504883,-0.0034772860817611217,
815,39.44424819946289,-53.91737747192383,-0.003410369623452425,
816,39.467586517333984,-53.9149284362793,-0.0033434436190873384,
817,39.48513412475586,-53.9035758972168,-0.0032777078449726105,
818,39.504669189453125,-53.883636474609375,-0.0032164950389415026,
819,39.52840805053711,-53.85760498046875,-0.003159740474075079,
820,39.57115173339844,-53.8488883972168,-0.003105423180386424,
821,39.59356689453125,-53.81993103027344,-0.003059113398194313,
822,39.613494873046875,-53.804954528808594,-0.003017385257408023,
823,39.63673400878906,-53.793521881103516,-0.0029741188045591116,
824,39.6707878112793,-53.79149627685547,-0.0029315403662621975,
825,39.710601806640625,-53.79707336425781,-0.002892486285418272,
826,39.7595329284668,-53.81595993041992,-0.0028545637615025043,
827,39.79987716674805,-53.84135055541992,-0.0028155790641903877,
828,39.85486602783203,-53.88351058959961,-0.0027787520084530115,
829,39.92066955566406,-53.939292907714844,-0.002744195982813835,
830,39.987953186035156,-54.01202392578125,-0.002710276283323765,
831,40.05077362060547,-54.09305191040039,-0.0026783577632158995,
832,40.116783142089844,-54.18975830078125,-0.002650948241353035,
833,40.18475341796875,-54.30034637451172,-0.002624370390549302,
834,40.25517272949219,-54.41766357421875,-0.002598068444058299,
835,40.330299377441406,-54.55454635620117,-0.002575724385678768,
836,40.4051399230957,-54.7035026550293,-0.002559767570346594,
837,40.4769287109375,-54.86593246459961,-0.0025448051746934652,
838,40.53923416137695,-55.043949127197266,-0.0025322018191218376,
839,40.603538513183594,-55.22937774658203,-0.0025197407230734825,
840,40.66532516479492,-55.428565979003906,-0.0025080328341573477,
841,40.72500991821289,-55.63833999633789,-0.002499808557331562,
842,40.77843475341797,-55.855464935302734,-0.002488586585968733,
843,40.82859420776367,-56.08403396606445,-0.0024768479634076357,
844,40.86588668823242,-56.31493377685547,-0.0024630678817629814,
845,40.8960075378418,-56.55495071411133,-0.0024505779147148132,
846,40.922237396240234,-56.80481719970703,-0.00243884208612144,
847,40.939823150634766,-57.05833053588867,-0.002427526982501149,
848,40.95249557495117,-57.31719207763672,-0.002414999296888709,
849,40.95613479614258,-57.582454681396484,-0.0024054446257650852,
850,40.95545196533203,-57.843231201171875,-0.0023969262838363647,
851,40.95123291015625,-58.10831069946289,-0.002385766478255391,
852,40.93816375732422,-58.37535858154297,-0.0023750816471874714,
853,40.91849899291992,-58.64390182495117,-0.002364175859838724,
854,40.89210510253906,-58.91313171386719,-0.0023539052344858646,
855,40.860652923583984,-59.18350601196289,-0.002341900020837784,
856,40.819923400878906,-59.44572067260742,-0.0023305232170969248,
857,40.77403259277344,-59.69998550415039,-0.002320044208317995,
858,40.728858947753906,-59.948486328125,-0.0023079277016222477,
859,40.68040084838867,-60.18580627441406,-0.0022945310920476913,
860,40.62706756591797,-60.40910339355469,-0.0022807265631854534,
861,40.571739196777344,-60.62568283081055,-0.0022662226110696793,
862,40.51191329956055,-60.839046478271484,-0.002252316800877452,
863,40.45170974731445,-61.032527923583984,-0.002240535570308566,
864,40.38966369628906,-61.21406173706055,-0.002226410899311304,
865,40.32053756713867,-61.3704833984375,-0.002210920210927725,
866,40.256221771240234,-61.51459503173828,-0.002196547342464328,
867,40.1839714050293,-61.637393951416016,-0.002185547724366188,
868,40.112876892089844,-61.74727249145508,-0.002176892478018999,
869,40.03803634643555,-61.844730377197266,-0.0021698293276131153,
870,39.96979904174805,-61.91761016845703,-0.0021627761889249086,
871,39.90808868408203,-61.97223663330078,-0.0021579377353191376,
872,39.84400939941406,-62.000545501708984,-0.0021552236285060644,
873,39.77751159667969,-62.01399230957031,-0.0021553372498601675,
874,39.70978927612305,-62.00065612792969,-0.002156005473807454,
875,39.63676071166992,-61.9710693359375,-0.0021577118895947933,
876,39.574928283691406,-61.94088363647461,-0.002158318879082799,
877,39.5200080871582,-61.88688659667969,-0.0021623573265969753,
878,39.466163635253906,-61.82075119018555,-0.002167938742786646,
879,39.4190559387207,-61.737396240234375,-0.002174973487854004,
880,39.381412506103516,-61.636959075927734,-0.0021840487606823444,
881,39.34669876098633,-61.523170471191406,-0.002191162435337901,
882,39.319175720214844,-61.399818420410156,-0.0021990076638758183,
883,39.2886848449707,-61.26139831542969,-0.002209395170211792,
884,39.26177215576172,-61.11156463623047,-0.0022192951291799545,
885,39.24227523803711,-60.947059631347656,-0.0022267859894782305,
886,39.2274169921875,-60.781211853027344,-0.002235247753560543,
887,39.2144775390625,-60.600711822509766,-0.0022443169727921486,
888,39.1957893371582,-60.41348648071289,-0.0022538171615451574,
889,39.16936492919922,-60.22254180908203,-0.002263220027089119,
890,39.1419677734375,-60.01607894897461,-0.0022707395255565643,
891,39.130645751953125,-59.81004333496094,-0.0022767207119613886,
892,39.11045455932617,-59.60358810424805,-0.0022823300678282976,
893,39.0922737121582,-59.39072036743164,-0.002289782976731658,
894,39.08130645751953,-59.16162109375,-0.0022960128262639046,
895,39.071533203125,-58.92940902709961,-0.002301231026649475,
896,39.06340408325195,-58.68840789794922,-0.002307592425495386,
897,39.0528564453125,-58.4381217956543,-0.0023140152916312218,
898,39.0381965637207,-58.18478012084961,-0.0023196148686110973,
899,39.024620056152344,-57.92620086669922,-0.0023270375095307827,
900,39.01113510131836,-57.6694450378418,-0.0023346603848040104,
901,38.99583435058594,-57.41102600097656,-0.00234253634698689,
902,38.98274612426758,-57.159698486328125,-0.0023514386266469955,
903,38.96379852294922,-56.90959930419922,-0.002361036604270339,
904,38.948631286621094,-56.65966796875,-0.0023703505285084248,
905,38.93718719482422,-56.407257080078125,-0.0023806975223124027,
906,38.93128967285156,-56.15814971923828,-0.002387004904448986,
907,38.93708038330078,-55.91255187988281,-0.0023990320041775703,
908,38.93964767456055,-55.67275619506836,-0.0024093000683933496,
909,38.94229507446289,-55.43925476074219,-0.0024193243589252234,
910,38.955440521240234,-55.20920944213867,-0.0024317100178450346,
911,38.976993560791016,-54.98527526855469,-0.0024404232390224934,
912,39.00635528564453,-54.76197814941406,-0.0024479408748447895,
913,39.04059982299805,-54.549739837646484,-0.002454459900036454,
914,39.08087158203125,-54.3442497253418,-0.002461058786138892,
915,39.123809814453125,-54.147098541259766,-0.002467192942276597,
916,39.17796325683594,-53.960731506347656,-0.0024719301145523787,
917,39.23322296142578,-53.78173065185547,-0.002478581853210926,
918,39.29865646362305,-53.61124801635742,-0.0024862727150321007,
919,39.3681526184082,-53.446044921875,-0.0024962262250483036,
920,39.43558883666992,-53.291629791259766,-0.002502952003851533,
921,39.50186538696289,-53.14925765991211,-0.0025134654715657234,
922,39.56901931762695,-53.015777587890625,-0.0025227521546185017,
923,39.636627197265625,-52.890785217285156,-0.0025312877260148525,
924,39.7040901184082,-52.77316665649414,-0.002539031906053424,
925,39.7706298828125,-52.66489791870117,-0.0025492492131888866,
926,39.83790969848633,-52.56749725341797,-0.0025598336942493916,
927,39.90178680419922,-52.474082946777344,-0.0025702486746013165,
928,39.96343994140625,-52.380210876464844,-0.002582372399047017,
929,40.02334976196289,-52.298954010009766,-0.002597101964056492,
930,40.08290100097656,-52.21941375732422,-0.002607845701277256,
931,40.13943862915039,-52.15098571777344,-0.0026222672313451767,
932,40.192569732666016,-52.08448028564453,-0.00263464218005538,
933,40.240394592285156,-52.02381134033203,-0.00264981877990067,
934,40.28638458251953,-51.96903610229492,-0.0026613918598741293,
935,40.333187103271484,-51.91706466674805,-0.0026733987033367157,
936,40.37217712402344,-51.8781623840332,-0.0026869340799748898,
937,40.41120147705078,-51.835235595703125,-0.0026986170560121536,
938,40.447059631347656,-51.79365539550781,-0.0027079733554273844,
939,40.48099136352539,-51.7598762512207,-0.0027213660068809986,
940,40.51239776611328,-51.72492980957031,-0.0027341507375240326,
941,40.5421028137207,-51.68868637084961,-0.002744315192103386,
942,40.56730270385742,-51.66741180419922,-0.0027564275078475475,
943,40.59368133544922,-51.64548873901367,-0.002767114667221904,
944,40.6289176940918,-51.634891510009766,-0.0027784835547208786,
945,40.663124084472656,-51.630653381347656,-0.002788119949400425,
946,40.69837951660156,-51.63026428222656,-0.0028025738429278135,
947,40.73631286621094,-51.63385772705078,-0.002818628214299679,
948,40.771636962890625,-51.63808822631836,-0.0028377107810229063,
949,40.81036376953125,-51.644100189208984,-0.0028595749754458666,
950,40.858577728271484,-51.66136932373047,-0.0028809409122914076,
951,40.908626556396484,-51.688621520996094,-0.002904642838984728,
952,40.96198272705078,-51.72572326660156,-0.0029275689739733934,
953,41.0174446105957,-51.76708984375,-0.0029552464839071035,
954,41.074283599853516,-51.818180084228516,-0.0029838201589882374,
955,41.12812042236328,-51.876953125,-0.003015422960743308,
956,41.18955993652344,-51.9399299621582,-0.003046187572181225,
957,41.258975982666016,-52.007747650146484,-0.0030776644125580788,
958,41.32508087158203,-52.07289505004883,-0.003110078861936927,
959,41.38791275024414,-52.13567352294922,-0.0031449575908482075,
960,41.45335006713867,-52.20192337036133,-0.0031819927971810102,
961,41.517520904541016,-52.270652770996094,-0.0032223619055002928,
962,41.583194732666016,-52.33698272705078,-0.0032679520081728697,
963,41.65615463256836,-52.410850524902344,-0.003314689500257373,
964,41.72771453857422,-52.47171401977539,-0.0033632167614996433,
965,41.796722412109375,-52.51871871948242,-0.0034110730048269033,
966,41.867401123046875,-52.56541442871094,-0.00345845939591527,
967,41.93710708618164,-52.609615325927734,-0.0035070113372057676,
968,42.0069694519043,-52.64522933959961,-0.003554574679583311,
969,42.08737564086914,-52.67316436767578,-0.0036042549181729555,
970,42.16482925415039,-52.68661880493164,-0.0036528497003018856,
971,42.24332809448242,-52.687400817871094,-0.0037008458748459816,
972,42.321285247802734,-52.67138671875,-0.0037546195089817047,
973,42.39690017700195,-52.64582824707031,-0.003808724693953991,
974,42.470611572265625,-52.60261154174805,-0.0038616794627159834,
975,42.53337097167969,-52.54997253417969,-0.0039129904471337795,
976,42.590492248535156,-52.48980712890625,-0.003962766844779253,
977,42.64771270751953,-52.421085357666016,-0.0040144301019608974,
978,42.70735549926758,-52.33338165283203,-0.0040654209442436695,
979,42.76032257080078,-52.23579025268555,-0.004117453005164862,
980,42.80257797241211,-52.12419128417969,-0.004172096028923988,
981,42.84083557128906,-52.012454986572266,-0.004225316923111677,
982,42.873531341552734,-51.889217376708984,-0.004278154112398624,
983,42.90493392944336,-51.759620666503906,-0.0043317475356161594,
984,42.92439270019531,-51.62517547607422,-0.004379716236144304,
985,42.93479537963867,-51.487525939941406,-0.004428210202604532,
986,42.93681716918945,-51.34925079345703,-0.004472729749977589,
987,42.93387985229492,-51.20860290527344,-0.004516216926276684,
988,42.92702865600586,-51.06462478637695,-0.004561709705740213,
989,42.907352447509766,-50.93339157104492,-0.004603957291692495,
990,42.882076263427734,-50.810298919677734,-0.0046433922834694386,
991,42.851341247558594,-50.69631576538086,-0.004682422149926424,
992,42.81653594970703,-50.58859634399414,-0.004721789620816708,
993,42.77775573730469,-50.487152099609375,-0.004759771749377251,
994,42.73174285888672,-50.393165588378906,-0.004796457942575216,
995,42.68064880371094,-50.30672836303711,-0.004833199083805084,
996,42.620113372802734,-50.23603820800781,-0.004866502713412046,
997,42.55192947387695,-50.181827545166016,-0.0048987832851707935,
998,42.48519515991211,-50.132694244384766,-0.004925151355564594,
999,42.41987609863281,-50.09517288208008,-0.004947970155626535,
1000,42.35050582885742,-50.07086181640625,-0.0049676671624183655,
1001,42.283203125,-50.0560188293457,-0.004986763931810856,
1002,42.2137336730957,-50.044342041015625,-0.005002215504646301,
1003,42.144859313964844,-50.034000396728516,-0.005015978589653969,
1004,42.079261779785156,-50.03871536254883,-0.005026699509471655,
1005,42.02185821533203,-50.04940414428711,-0.0050340513698756695,
1006,41.96033477783203,-50.05968475341797,-0.005040884483605623,
1007,41.90304183959961,-50.061893463134766,-0.005042771343141794,
1008,41.84657669067383,-50.06340789794922,-0.005041640251874924,
1009,41.79372024536133,-50.06148147583008,-0.005039903800934553,
1010,41.75027847290039,-50.06491470336914,-0.005034619476646185,
1011,41.700138092041016,-50.062599182128906,-0.005028849467635155,
1012,41.657325744628906,-50.05972671508789,-0.005022051278501749,
1013,41.62211990356445,-50.04917526245117,-0.005008830688893795,
1014,41.59162139892578,-50.029205322265625,-0.004992945585399866,
1015,41.56890869140625,-49.99739074707031,-0.004976425785571337,
1016,41.54989242553711,-49.95890808105469,-0.00495775556191802,
1017,41.54020690917969,-49.91483688354492,-0.004937619902193546,
1018,41.532840728759766,-49.85734558105469,-0.004914906341582537,
1019,41.5341682434082,-49.79145812988281,-0.004889492876827717,
1020,41.53974914550781,-49.714881896972656,-0.00486306706443429,
1021,41.547706604003906,-49.629432678222656,-0.004836063366383314,
1022,41.55992126464844,-49.544071197509766,-0.004808610305190086,
1023,41.58161163330078,-49.453311920166016,-0.004780597053468227,
1024,41.6070556640625,-49.35151290893555,-0.004751925822347403,
1025,41.63877868652344,-49.2307243347168,-0.004723820369690657,
1026,41.66923904418945,-49.11164855957031,-0.004697718657553196,
1027,41.700721740722656,-48.98380661010742,-0.004670725669711828,
1028,41.73099899291992,-48.85783004760742,-0.004645619075745344,
1029,41.76613235473633,-48.730499267578125,-0.004612837452441454,
1030,41.80606460571289,-48.59901428222656,-0.004582174587994814,
1031,41.84370422363281,-48.475162506103516,-0.004546843469142914,
1032,41.872413635253906,-48.342369079589844,-0.004509660415351391,
1033,41.90460205078125,-48.2109260559082,-0.004473881330341101,
1034,41.936588287353516,-48.07943344116211,-0.004435956943780184,
1035,41.96633529663086,-47.94972610473633,-0.0043992395512759686,
1036,41.991912841796875,-47.81843948364258,-0.004366618115454912,
1037,42.015045166015625,-47.6843376159668,-0.004334443248808384,
1038,42.033447265625,-47.56351089477539,-0.004301707725971937,
1039,42.0418701171875,-47.44023513793945,-0.0042725782841444016,
1040,42.05009078979492,-47.316802978515625,-0.004242946393787861,
1041,42.057987213134766,-47.196102142333984,-0.00421147421002388,
1042,42.05672073364258,-47.07280349731445,-0.00417738314718008,
1043,42.04861068725586,-46.95674514770508,-0.004145424347370863,
1044,42.031410217285156,-46.83473587036133,-0.004112656693905592,
1045,42.016319274902344,-46.72382354736328,-0.0040822746232151985,
1046,41.99567413330078,-46.611793518066406,-0.004051480907946825,
1047,41.97175979614258,-46.50566864013672,-0.0040204646065831184,
1048,41.938262939453125,-46.393524169921875,-0.003990377299487591,
1049,41.89725112915039,-46.28103256225586,-0.003959206864237785,
1050,41.849613189697266,-46.161617279052734,-0.003928062971681356,
1051,41.79344940185547,-46.04460906982422,-0.003895254572853446,
1052,41.731231689453125,-45.93077850341797,-0.0038575856015086174,
1053,41.661563873291016,-45.81684112548828,-0.003818026976659894,
1054,41.58095169067383,-45.69860076904297,-0.003777862060815096,
1055,41.503639221191406,-45.58110427856445,-0.003737160237506032,
1056,41.41717529296875,-45.456581115722656,-0.0036981399171054363,
1057,41.32437515258789,-45.317176818847656,-0.0036569293588399887,
1058,41.21788024902344,-45.176536560058594,-0.003616820555180311,
1059,41.09838104248047,-45.02452087402344,-0.003579783020541072,
1060,40.96762466430664,-44.871524810791016,-0.0035415843594819307,
1061,40.82085037231445,-44.716617584228516,-0.0035053782630711794,
1062,40.67575454711914,-44.56922149658203,-0.0034710706677287817,
1063,40.513248443603516,-44.40478515625,-0.0034384410828351974,
1064,40.3421516418457,-44.23207473754883,-0.00340798357501626,
1065,40.15010452270508,-44.0614128112793,-0.0033798327203840017,
1066,39.94625473022461,-43.8942756652832,-0.0033539910800755024,
1067,39.72987365722656,-43.72187042236328,-0.003331046551465988,
1068,39.498294830322266,-43.544715881347656,-0.0033093001693487167,
1069,39.24641418457031,-43.35555648803711,-0.003291215281933546,
1070,38.9744987487793,-43.16339111328125,-0.0032762205228209496,
1071,38.698970794677734,-42.97102737426758,-0.0032607216853648424,
1072,38.414649963378906,-42.77501678466797,-0.0032459935173392296,
1073,38.12055587768555,-42.57631301879883,-0.003234211588278413,
1074,37.810447692871094,-42.3787727355957,-0.003224624553695321,
1075,37.4912223815918,-42.17231369018555,-0.0032215004321187735,
1076,37.16053009033203,-41.96035385131836,-0.0032218049746006727,
1077,36.81871032714844,-41.74391174316406,-0.003225095337256789,
1078,36.477352142333984,-41.522396087646484,-0.0032343303319066763,
1079,36.1226806640625,-41.294715881347656,-0.0032451613806188107,
1080,35.761993408203125,-41.0715446472168,-0.0032604990992695093,
1081,35.39125442504883,-40.840274810791016,-0.0032818783074617386,
1082,35.018367767333984,-40.60740661621094,-0.0033057560212910175,
1083,34.644474029541016,-40.37528991699219,-0.0033278288319706917,
1084,34.269405364990234,-40.13845443725586,-0.003353843931108713,
1085,33.89098358154297,-39.898860931396484,-0.003382783615961671,
1086,33.50734329223633,-39.65834045410156,-0.0034146495163440704,
1087,33.12279510498047,-39.430728912353516,-0.0034449840895831585,
1088,32.738162994384766,-39.1926383972168,-0.0034773428924381733,
1089,32.3514518737793,-38.94960021972656,-0.0035074574407190084,
1090,31.952268600463867,-38.714778900146484,-0.003537952434271574,
1091,31.548145294189453,-38.4882698059082,-0.003569774329662323,
1092,31.14107894897461,-38.272830963134766,-0.0035996052902191877,
1093,30.73570442199707,-38.07004928588867,-0.003624366130679846,
1094,30.325355529785156,-37.8692741394043,-0.0036482636351138353,
1095,29.91223907470703,-37.679962158203125,-0.003672173945233226,
1096,29.49558448791504,-37.50215148925781,-0.0036913061048835516,
1097,29.079891204833984,-37.33745574951172,-0.0037152739241719246,
1098,28.663164138793945,-37.186370849609375,-0.003738151164725423,
1099,28.247167587280273,-37.05393600463867,-0.0037625732365995646,
1100,27.834537506103516,-36.937599182128906,-0.0037860674783587456,
1101,27.41046905517578,-36.83993911743164,-0.003813633229583502,
1102,26.977947235107422,-36.7547492980957,-0.003840568708255887,
1103,26.54263687133789,-36.688377380371094,-0.003866566112264991,
1104,26.103437423706055,-36.646968841552734,-0.003888569073751569,
1105,25.666606903076172,-36.624366760253906,-0.00390763022005558,
1106,25.23066520690918,-36.623069763183594,-0.003930899780243635,
1107,24.795982360839844,-36.63917922973633,-0.0039517637342214584,
1108,24.363706588745117,-36.6747932434082,-0.003975111059844494,
1109,23.929298400878906,-36.72782897949219,-0.004002000670880079,
1110,23.502464294433594,-36.797725677490234,-0.0040314700454473495,
1111,23.08038330078125,-36.88846206665039,-0.0040626488626003265,
1112,22.668664932250977,-37.00305938720703,-0.004095606971532106,
1113,22.26905059814453,-37.13500213623047,-0.004136758856475353,
1114,21.880434036254883,-37.289695739746094,-0.0041761635802686214,
1115,21.506074905395508,-37.454017639160156,-0.004220207687467337,
1116,21.14227867126465,-37.63227462768555,-0.00426445109769702,
1117,20.789636611938477,-37.82648849487305,-0.0043141720816493034,
1118,20.447723388671875,-38.04112243652344,-0.004366973880678415,
1119,20.126895904541016,-38.276329040527344,-0.004419967532157898,
1120,19.816801071166992,-38.52189254760742,-0.0044776154682040215,
1121,19.523757934570312,-38.78035354614258,-0.004536382853984833,
1122,19.244985580444336,-39.05194854736328,-0.004597533959895372,
1123,18.98297882080078,-39.33018493652344,-0.004662159364670515,
1124,18.730480194091797,-39.62368392944336,-0.004733685869723558,
1125,18.49559211730957,-39.92626190185547,-0.004805463366210461,
1126,18.280033111572266,-40.24208068847656,-0.004877978004515171,
1127,18.082378387451172,-40.56221389770508,-0.004954184405505657,
1128,17.89269256591797,-40.89215087890625,-0.005027024075388908,
1129,17.70934295654297,-41.232357025146484,-0.005100661423057318,
1130,17.543493270874023,-41.57856369018555,-0.005173237528651953,
1131,17.391267776489258,-41.924381256103516,-0.005245271138846874,
1132,17.2502498626709,-42.282569885253906,-0.005319213028997183,
1133,17.11141014099121,-42.63862991333008,-0.005398678593337536,
1134,16.982986450195312,-43.00092697143555,-0.005480248015373945,
1135,16.859275817871094,-43.36628341674805,-0.0055625238455832005,
1136,16.747112274169922,-43.73481369018555,-0.005643339361995459,
1137,16.644968032836914,-44.10846710205078,-0.0057251062244176865,
1138,16.543426513671875,-44.47842025756836,-0.005810294300317764,
1139,16.45798683166504,-44.846351623535156,-0.005898323841392994,
1140,16.375783920288086,-45.21808624267578,-0.005984600633382797,
1141,16.297691345214844,-45.57960891723633,-0.006074056029319763,
1142,16.22452735900879,-45.942291259765625,-0.006167484913021326,
1143,16.159353256225586,-46.302791595458984,-0.006261681206524372,
1144,16.105968475341797,-46.648128509521484,-0.006357199512422085,
1145,16.066753387451172,-46.983036041259766,-0.0064492542296648026,
1146,16.02950668334961,-47.31599044799805,-0.006540981121361256,
1147,15.992486953735352,-47.64382553100586,-0.006634426768869162,
1148,15.961050033569336,-47.952945709228516,-0.006725863553583622,
1149,15.93338394165039,-48.2499885559082,-0.006816968787461519,
1150,15.910001754760742,-48.53988265991211,-0.006906799506396055,
1151,15.893043518066406,-48.816036224365234,-0.0069930050522089005,
1152,15.876696586608887,-49.0776252746582,-0.007076681591570377,
1153,15.860355377197266,-49.33199691772461,-0.007156796753406525,
1154,15.84780216217041,-49.57246780395508,-0.007234520278871059,
1155,15.84040355682373,-49.79619216918945,-0.007311971392482519,
1156,15.843095779418945,-49.99852752685547,-0.007385480683296919,
1157,15.852563858032227,-50.1854362487793,-0.0074563478119671345,
1158,15.863965034484863,-50.3609504699707,-0.007525104563683271,
1159,15.87217903137207,-50.52571105957031,-0.007592108566313982,
1160,15.88333797454834,-50.672115325927734,-0.007655768655240536,
1161,15.90085506439209,-50.802879333496094,-0.007715549319982529,
1162,15.927465438842773,-50.9219970703125,-0.007776044309139252,
1163,15.961764335632324,-51.03224182128906,-0.007836089469492435,
1164,15.994894027709961,-51.1264762878418,-0.007895197719335556,
1165,16.026357650756836,-51.20425796508789,-0.007948226295411587,
1166,16.061355590820312,-51.28770065307617,-0.007997503504157066,
1167,16.105146408081055,-51.35578155517578,-0.008042111061513424,
1168,16.16127586364746,-51.42278289794922,-0.008085018023848534,
1169,16.214624404907227,-51.4793701171875,-0.008126580156385899,
1170,16.26793670654297,-51.529685974121094,-0.00816364586353302,
1171,16.32211685180664,-51.5630989074707,-0.008197275921702385,
1172,16.383079528808594,-51.58754348754883,-0.008229175582528114,
1173,16.44835662841797,-51.60609436035156,-0.008256756700575352,
1174,16.51443862915039,-51.618751525878906,-0.008282633498311043,
1175,16.5825252532959,-51.62653732299805,-0.008304585702717304,
1176,16.649850845336914,-51.628543853759766,-0.00832177884876728,
1177,16.71909523010254,-51.619590759277344,-0.008333873003721237,
1178,16.79530906677246,-51.601436614990234,-0.008338476531207561,
1179,16.86570930480957,-51.574684143066406,-0.008337317034602165,
1180,16.94228744506836,-51.53667449951172,-0.00833035260438919,
1181,17.020751953125,-51.483211517333984,-0.008317295461893082,
1182,17.10055923461914,-51.419063568115234,-0.008299528621137142,
1183,17.177541732788086,-51.34324264526367,-0.008275363594293594,
1184,17.258907318115234,-51.25863265991211,-0.008245197124779224,
1185,17.34381675720215,-51.14532470703125,-0.008210808970034122,
1186,17.428434371948242,-51.016502380371094,-0.008168214932084084,
1187,17.515708923339844,-50.869239807128906,-0.008127696812152863,
1188,17.590829849243164,-50.712093353271484,-0.008082222193479538,
1189,17.657958984375,-50.53667449951172,-0.008033143356442451,
1190,17.73210334777832,-50.3482780456543,-0.007977650500833988,
1191,17.80436897277832,-50.14887237548828,-0.0079212486743927,
1192,17.871244430541992,-49.92715072631836,-0.007863963954150677,
1193,17.92530059814453,-49.69972610473633,-0.00780589459463954,
1194,17.97210693359375,-49.46070861816406,-0.007745445240288973,
1195,18.01629638671875,-49.21390914916992,-0.007683286909013987,
1196,18.049711227416992,-48.95491409301758,-0.007620084099471569,
1197,18.065933227539062,-48.684776306152344,-0.007552518974989653,
1198,18.076757431030273,-48.41172790527344,-0.007481792941689491,
1199,18.074064254760742,-48.13472366333008,-0.007407759316265583,
1200,18.059471130371094,-47.857337951660156,-0.007331220433115959,
1201,18.033287048339844,-47.57624816894531,-0.007255596574395895,
1202,17.991455078125,-47.30107498168945,-0.007177226711064577,
1203,17.940128326416016,-47.024532318115234,-0.007096452638506889,
1204,17.879003524780273,-46.757225036621094,-0.007014491129666567,
1205,17.808910369873047,-46.49539566040039,-0.006934125907719135,
1206,17.726303100585938,-46.239646911621094,-0.006852502003312111,
1207,17.633060455322266,-45.988616943359375,-0.00676959240809083,
1208,17.539859771728516,-45.74654006958008,-0.006689329631626606,
1209,17.443796157836914,-45.511051177978516,-0.00661358842626214,
1210,17.33917999267578,-45.28241729736328,-0.006540501490235329,
1211,17.229265213012695,-45.07660675048828,-0.006469319574534893,
1212,17.108667373657227,-44.877254486083984,-0.006404532585293055,
1213,16.996522903442383,-44.6915397644043,-0.0063405330292880535,
1214,16.890838623046875,-44.52771759033203,-0.00628029415383935,
1215,16.7900390625,-44.37154769897461,-0.006224887911230326,
1216,16.689756393432617,-44.23311996459961,-0.006172792986035347,
1217,16.588417053222656,-44.11109161376953,-0.0061258114874362946,
1218,16.497127532958984,-44.00682067871094,-0.00608235877007246,
1219,16.411283493041992,-43.918243408203125,-0.006042338442057371,
1220,16.33463478088379,-43.8336067199707,-0.006010436452925205,
1221,16.27151107788086,-43.77743148803711,-0.005982696078717709,
1222,16.222068786621094,-43.733924865722656,-0.00596007751300931,
1223,16.186084747314453,-43.70750045776367,-0.005945435259491205,
1224,16.157794952392578,-43.70377731323242,-0.00593676557764411,
1225,16.136293411254883,-43.72103500366211,-0.005936839152127504,
1226,16.13134765625,-43.74785232543945,-0.00593929598107934,
1227,16.13142967224121,-43.79201889038086,-0.005944477394223213,
1228,16.144372940063477,-43.85417938232422,-0.005956050008535385,
1229,16.170398712158203,-43.934898376464844,-0.005973854102194309,
1230,16.203964233398438,-44.026145935058594,-0.005995656829327345,
1231,16.257883071899414,-44.12569808959961,-0.006021418143063784,
1232,16.325151443481445,-44.24030685424805,-0.0060485964640975,
1233,16.404924392700195,-44.375308990478516,-0.0060805329121649265,
1234,16.4973087310791,-44.51324462890625,-0.006114525720477104,
1235,16.60080909729004,-44.68063735961914,-0.006147087551653385,
1236,16.706462860107422,-44.87165069580078,-0.006181512959301472,
1237,16.824480056762695,-45.07554244995117,-0.00621792720630765,
1238,16.956401824951172,-45.297977447509766,-0.0062561859376728535,
1239,17.091064453125,-45.52762222290039,-0.006296853069216013,
1240,17.233043670654297,-45.773529052734375,-0.006341339088976383,
1241,17.37468910217285,-46.04323196411133,-0.006385352928191423,
1242,17.51857566833496,-46.32838821411133,-0.006428473629057407,
1243,17.671276092529297,-46.6366081237793,-0.006471840664744377,
1244,17.823184967041016,-46.9657096862793,-0.006516601424664259,
1245,17.9782657623291,-47.30817794799805,-0.006563130766153336,
1246,18.134992599487305,-47.66780471801758,-0.00660598324611783,
1247,18.288721084594727,-48.04132080078125,-0.006650081370025873,
1248,18.44253158569336,-48.43370819091797,-0.006693352945148945,
1249,18.593599319458008,-48.8326416015625,-0.006739951204508543,
1250,18.75012969970703,-49.24858474731445,-0.006788254249840975,
1251,18.915386199951172,-49.67609405517578,-0.006832406390458345,
1252,19.070005416870117,-50.113285064697266,-0.006880478467792273,
1253,19.218246459960938,-50.55448532104492,-0.006927816197276115,
1254,19.36532211303711,-51.010719299316406,-0.0069726905785501,
1255,19.512861251831055,-51.47442626953125,-0.007014305796474218,
1256,19.655820846557617,-51.940799713134766,-0.007054281421005726,
1257,19.788734436035156,-52.41600799560547,-0.007091992534697056,
1258,19.92327308654785,-52.88953399658203,-0.007128064054995775,
1259,20.047452926635742,-53.3656120300293,-0.007161417044699192,
1260,20.16815185546875,-53.84209442138672,-0.00719293812289834,
1261,20.286169052124023,-54.3155517578125,-0.007223327644169331,
1262,20.39870834350586,-54.78422927856445,-0.007252202834933996,
1263,20.506288528442383,-55.24977493286133,-0.0072771403938531876,
1264,20.61042022705078,-55.70576858520508,-0.007302457001060247,
1265,20.710693359375,-56.152587890625,-0.007327978499233723,
1266,20.808969497680664,-56.58915328979492,-0.0073458971455693245,
1267,20.903013229370117,-57.013519287109375,-0.007368068676441908,
1268,20.99055290222168,-57.42301559448242,-0.007387868594378233,
1269,21.07509422302246,-57.817623138427734,-0.007405638229101896,
1270,21.158267974853516,-58.19807815551758,-0.007422163151204586,
1271,21.236238479614258,-58.564552307128906,-0.007436548359692097,
1272,21.31020736694336,-58.925167083740234,-0.0074500455521047115,
1273,21.382293701171875,-59.27328872680664,-0.007459813728928566,
1274,21.450550079345703,-59.59792709350586,-0.007469962351024151,
1275,21.512916564941406,-59.90044021606445,-0.007477263454347849,
1276,21.572811126708984,-60.18479919433594,-0.0074804783798754215,
1277,21.627243041992188,-60.45008087158203,-0.007482665590941906,
1278,21.674232482910156,-60.702484130859375,-0.007479807361960411,
1279,21.719240188598633,-60.93527603149414,-0.007473700679838657,
1280,21.757333755493164,-61.15102005004883,-0.007464214693754911,
1281,21.785930633544922,-61.34941482543945,-0.0074527147226035595,
1282,21.813827514648438,-61.52378463745117,-0.007438324391841888,
1283,21.82855796813965,-61.680320739746094,-0.00742124579846859,
1284,21.836122512817383,-61.822715759277344,-0.007399240508675575,
1285,21.837949752807617,-61.95127868652344,-0.0073738908395171165,
1286,21.831403732299805,-62.066078186035156,-0.007344698533415794,
1287,21.815757751464844,-62.166378021240234,-0.0073135364800691605,
1288,21.7965030670166,-62.25224685668945,-0.007279932964593172,
1289,21.773225784301758,-62.32439422607422,-0.007243015803396702,
1290,21.73517417907715,-62.382328033447266,-0.007204943336546421,
1291,21.6940975189209,-62.42250061035156,-0.007167818956077099,
1292,21.644454956054688,-62.454044342041016,-0.007131913676857948,
1293,21.586219787597656,-62.46860885620117,-0.007092237938195467,
1294,21.526893615722656,-62.46786880493164,-0.007050725165754557,
1295,21.45375633239746,-62.45955276489258,-0.0070076799020171165,
1296,21.378803253173828,-62.43108367919922,-0.006961512845009565,
1297,21.299739837646484,-62.3929557800293,-0.006918116472661495,
1298,21.21460723876953,-62.341373443603516,-0.0068697817623615265,
1299,21.12457847595215,-62.27400207519531,-0.006818830966949463,
1300,21.029870986938477,-62.19270706176758,-0.00676553463563323,
1301,20.932464599609375,-62.09764862060547,-0.006713851820677519,
1302,20.828857421875,-61.997283935546875,-0.0066632479429244995,
1303,20.724287033081055,-61.874549865722656,-0.006613020785152912,
1304,20.619483947753906,-61.74510955810547,-0.006559155415743589,
1305,20.512310028076172,-61.59614181518555,-0.0065095010213553905,
1306,20.402339935302734,-61.434017181396484,-0.006460432894527912,
1307,20.28533363342285,-61.26139831542969,-0.006412507966160774,
1308,20.167930603027344,-61.08070373535156,-0.006366770248860121,
1309,20.047195434570312,-60.88529586791992,-0.006323894951492548,
1310,19.9243106842041,-60.68741226196289,-0.006283092312514782,
1311,19.800243377685547,-60.48793029785156,-0.00624434370547533,
1312,19.67397689819336,-60.28632354736328,-0.006207878235727549,
1313,19.544504165649414,-60.08158493041992,-0.006174406502395868,
1314,19.413387298583984,-59.869266510009766,-0.0061441934667527676,
1315,19.28325843811035,-59.64876937866211,-0.00611576484516263,
1316,19.14621925354004,-59.43465042114258,-0.0060929544270038605,
1317,19.011627197265625,-59.22359085083008,-0.0060755112208426,
1318,18.870174407958984,-59.01995086669922,-0.006062036845833063,
1319,18.72394561767578,-58.82196044921875,-0.006052948534488678,
1320,18.57213592529297,-58.63320541381836,-0.006049437914043665,
1321,18.417695999145508,-58.4495964050293,-0.006046985741704702,
